message;severity;node;stamp;location
"Oh no! I hit the wall! (Clamping from [x=1.960502, y=-0.007457])";"30";"turtlesim3.sim";"1760103495.477988104";"/root/ros2_ws/src/ros_tutorials/turtlesim/src/turtle.cpp:update:260"
"Oh no! I hit the wall! (Clamping from [x=1.960502, y=-0.007457])";"30";"turtlesim2.sim";"1760103495.464225630";"/root/ros2_ws/src/ros_tutorials/turtlesim/src/turtle.cpp:update:260"
"Oh no! I hit the wall! (Clamping from [x=1.929383, y=-0.007457])";"30";"turtlesim3.sim";"1760103495.463260089";"/root/ros2_ws/src/ros_tutorials/turtlesim/src/turtle.cpp:update:260"
"Oh no! I hit the wall! (Clamping from [x=1.929383, y=-0.007457])";"30";"turtlesim2.sim";"1760103495.448196150";"/root/ros2_ws/src/ros_tutorials/turtlesim/src/turtle.cpp:update:260"
"Oh no! I hit the wall! (Clamping from [x=1.898264, y=-0.007457])";"30";"turtlesim3.sim";"1760103495.447200833";"/root/ros2_ws/src/ros_tutorials/turtlesim/src/turtle.cpp:update:260"
"Oh no! I hit the wall! (Clamping from [x=1.898264, y=-0.007457])";"30";"turtlesim2.sim";"1760103495.431270507";"/root/ros2_ws/src/ros_tutorials/turtlesim/src/turtle.cpp:update:260"
"Oh no! I hit the wall! (Clamping from [x=1.867145, y=-0.007457])";"30";"turtlesim3.sim";"1760103495.430147353";"/root/ros2_ws/src/ros_tutorials/turtlesim/src/turtle.cpp:update:260"
"Oh no! I hit the wall! (Clamping from [x=1.867145, y=-0.007457])";"30";"turtlesim2.sim";"1760103495.415836258";"/root/ros2_ws/src/ros_tutorials/turtlesim/src/turtle.cpp:update:260"
"Oh no! I hit the wall! (Clamping from [x=1.836026, y=-0.007457])";"30";"turtlesim3.sim";"1760103495.414052567";"/root/ros2_ws/src/ros_tutorials/turtlesim/src/turtle.cpp:update:260"
"Oh no! I hit the wall! (Clamping from [x=1.836026, y=-0.007457])";"30";"turtlesim2.sim";"1760103495.401183059";"/root/ros2_ws/src/ros_tutorials/turtlesim/src/turtle.cpp:update:260"
"Oh no! I hit the wall! (Clamping from [x=1.804907, y=-0.007457])";"30";"turtlesim3.sim";"1760103495.398512927";"/root/ros2_ws/src/ros_tutorials/turtlesim/src/turtle.cpp:update:260"
"Oh no! I hit the wall! (Clamping from [x=1.804907, y=-0.007457])";"30";"turtlesim2.sim";"1760103495.384615300";"/root/ros2_ws/src/ros_tutorials/turtlesim/src/turtle.cpp:update:260"
"Oh no! I hit the wall! (Clamping from [x=1.773787, y=-0.007457])";"30";"turtlesim3.sim";"1760103495.383319416";"/root/ros2_ws/src/ros_tutorials/turtlesim/src/turtle.cpp:update:260"
"Oh no! I hit the wall! (Clamping from [x=1.773787, y=-0.007457])";"30";"turtlesim2.sim";"1760103495.367611285";"/root/ros2_ws/src/ros_tutorials/turtlesim/src/turtle.cpp:update:260"
"Oh no! I hit the wall! (Clamping from [x=1.742668, y=-0.007457])";"30";"turtlesim3.sim";"1760103495.365872201";"/root/ros2_ws/src/ros_tutorials/turtlesim/src/turtle.cpp:update:260"
"Oh no! I hit the wall! (Clamping from [x=1.742668, y=-0.007457])";"30";"turtlesim2.sim";"1760103495.351540505";"/root/ros2_ws/src/ros_tutorials/turtlesim/src/turtle.cpp:update:260"
"Oh no! I hit the wall! (Clamping from [x=1.711549, y=-0.007457])";"30";"turtlesim3.sim";"1760103495.349532584";"/root/ros2_ws/src/ros_tutorials/turtlesim/src/turtle.cpp:update:260"
"Oh no! I hit the wall! (Clamping from [x=1.711549, y=-0.007457])";"30";"turtlesim2.sim";"1760103495.335986334";"/root/ros2_ws/src/ros_tutorials/turtlesim/src/turtle.cpp:update:260"
"Oh no! I hit the wall! (Clamping from [x=1.680430, y=-0.007457])";"30";"turtlesim3.sim";"1760103495.334867361";"/root/ros2_ws/src/ros_tutorials/turtlesim/src/turtle.cpp:update:260"
"Oh no! I hit the wall! (Clamping from [x=1.680430, y=-0.007457])";"30";"turtlesim2.sim";"1760103495.321109665";"/root/ros2_ws/src/ros_tutorials/turtlesim/src/turtle.cpp:update:260"
"Oh no! I hit the wall! (Clamping from [x=1.649311, y=-0.007457])";"30";"turtlesim3.sim";"1760103495.319248870";"/root/ros2_ws/src/ros_tutorials/turtlesim/src/turtle.cpp:update:260"
"Oh no! I hit the wall! (Clamping from [x=1.649311, y=-0.007457])";"30";"turtlesim2.sim";"1760103495.304083907";"/root/ros2_ws/src/ros_tutorials/turtlesim/src/turtle.cpp:update:260"
"Oh no! I hit the wall! (Clamping from [x=1.618192, y=-0.007457])";"30";"turtlesim3.sim";"1760103495.302243163";"/root/ros2_ws/src/ros_tutorials/turtlesim/src/turtle.cpp:update:260"
"Oh no! I hit the wall! (Clamping from [x=1.618192, y=-0.007457])";"30";"turtlesim2.sim";"1760103495.287480955";"/root/ros2_ws/src/ros_tutorials/turtlesim/src/turtle.cpp:update:260"
"Oh no! I hit the wall! (Clamping from [x=1.587073, y=-0.007457])";"30";"turtlesim3.sim";"1760103495.285933307";"/root/ros2_ws/src/ros_tutorials/turtlesim/src/turtle.cpp:update:260"
"Oh no! I hit the wall! (Clamping from [x=1.587073, y=-0.007457])";"30";"turtlesim2.sim";"1760103495.272829471";"/root/ros2_ws/src/ros_tutorials/turtlesim/src/turtle.cpp:update:260"
"Oh no! I hit the wall! (Clamping from [x=1.555954, y=-0.007457])";"30";"turtlesim3.sim";"1760103495.270895342";"/root/ros2_ws/src/ros_tutorials/turtlesim/src/turtle.cpp:update:260"
"Oh no! I hit the wall! (Clamping from [x=1.555954, y=-0.007457])";"30";"turtlesim2.sim";"1760103495.256379940";"/root/ros2_ws/src/ros_tutorials/turtlesim/src/turtle.cpp:update:260"
"Oh no! I hit the wall! (Clamping from [x=1.524835, y=-0.007457])";"30";"turtlesim3.sim";"1760103495.255462784";"/root/ros2_ws/src/ros_tutorials/turtlesim/src/turtle.cpp:update:260"
"Oh no! I hit the wall! (Clamping from [x=1.524835, y=-0.007457])";"30";"turtlesim2.sim";"1760103495.240201344";"/root/ros2_ws/src/ros_tutorials/turtlesim/src/turtle.cpp:update:260"
"Oh no! I hit the wall! (Clamping from [x=1.493716, y=-0.007457])";"30";"turtlesim3.sim";"1760103495.237741781";"/root/ros2_ws/src/ros_tutorials/turtlesim/src/turtle.cpp:update:260"
"Oh no! I hit the wall! (Clamping from [x=1.493716, y=-0.007457])";"30";"turtlesim2.sim";"1760103495.223663138";"/root/ros2_ws/src/ros_tutorials/turtlesim/src/turtle.cpp:update:260"
"Oh no! I hit the wall! (Clamping from [x=1.462597, y=-0.007457])";"30";"turtlesim3.sim";"1760103495.222288822";"/root/ros2_ws/src/ros_tutorials/turtlesim/src/turtle.cpp:update:260"
"Oh no! I hit the wall! (Clamping from [x=1.462597, y=-0.007457])";"30";"turtlesim2.sim";"1760103495.207906809";"/root/ros2_ws/src/ros_tutorials/turtlesim/src/turtle.cpp:update:260"
"Oh no! I hit the wall! (Clamping from [x=1.431478, y=-0.007457])";"30";"turtlesim3.sim";"1760103495.206013415";"/root/ros2_ws/src/ros_tutorials/turtlesim/src/turtle.cpp:update:260"
"Oh no! I hit the wall! (Clamping from [x=1.431478, y=-0.007457])";"30";"turtlesim2.sim";"1760103495.193189515";"/root/ros2_ws/src/ros_tutorials/turtlesim/src/turtle.cpp:update:260"
"Oh no! I hit the wall! (Clamping from [x=1.400358, y=-0.007457])";"30";"turtlesim3.sim";"1760103495.192240787";"/root/ros2_ws/src/ros_tutorials/turtlesim/src/turtle.cpp:update:260"
"Oh no! I hit the wall! (Clamping from [x=1.400358, y=-0.007457])";"30";"turtlesim2.sim";"1760103495.176217824";"/root/ros2_ws/src/ros_tutorials/turtlesim/src/turtle.cpp:update:260"
"Oh no! I hit the wall! (Clamping from [x=1.369239, y=-0.007457])";"30";"turtlesim3.sim";"1760103495.175715671";"/root/ros2_ws/src/ros_tutorials/turtlesim/src/turtle.cpp:update:260"
"Oh no! I hit the wall! (Clamping from [x=1.369239, y=-0.007457])";"30";"turtlesim2.sim";"1760103495.159379876";"/root/ros2_ws/src/ros_tutorials/turtlesim/src/turtle.cpp:update:260"
"Oh no! I hit the wall! (Clamping from [x=1.338120, y=-0.007457])";"30";"turtlesim3.sim";"1760103495.158174223";"/root/ros2_ws/src/ros_tutorials/turtlesim/src/turtle.cpp:update:260"
"Oh no! I hit the wall! (Clamping from [x=1.338120, y=-0.007457])";"30";"turtlesim2.sim";"1760103495.144176310";"/root/ros2_ws/src/ros_tutorials/turtlesim/src/turtle.cpp:update:260"
"Oh no! I hit the wall! (Clamping from [x=1.307001, y=-0.007457])";"30";"turtlesim3.sim";"1760103495.141841560";"/root/ros2_ws/src/ros_tutorials/turtlesim/src/turtle.cpp:update:260"
"Oh no! I hit the wall! (Clamping from [x=1.307001, y=-0.007457])";"30";"turtlesim2.sim";"1760103495.127474152";"/root/ros2_ws/src/ros_tutorials/turtlesim/src/turtle.cpp:update:260"
"Oh no! I hit the wall! (Clamping from [x=1.275882, y=-0.007457])";"30";"turtlesim3.sim";"1760103495.127469353";"/root/ros2_ws/src/ros_tutorials/turtlesim/src/turtle.cpp:update:260"
"Oh no! I hit the wall! (Clamping from [x=1.275882, y=-0.007457])";"30";"turtlesim2.sim";"1760103495.112129260";"/root/ros2_ws/src/ros_tutorials/turtlesim/src/turtle.cpp:update:260"
"Oh no! I hit the wall! (Clamping from [x=1.244763, y=-0.007457])";"30";"turtlesim3.sim";"1760103495.110345020";"/root/ros2_ws/src/ros_tutorials/turtlesim/src/turtle.cpp:update:260"
"Oh no! I hit the wall! (Clamping from [x=1.244763, y=-0.007457])";"30";"turtlesim2.sim";"1760103495.095807990";"/root/ros2_ws/src/ros_tutorials/turtlesim/src/turtle.cpp:update:260"
"Oh no! I hit the wall! (Clamping from [x=1.213644, y=-0.007457])";"30";"turtlesim3.sim";"1760103495.094449499";"/root/ros2_ws/src/ros_tutorials/turtlesim/src/turtle.cpp:update:260"
"Oh no! I hit the wall! (Clamping from [x=1.213644, y=-0.007457])";"30";"turtlesim2.sim";"1760103495.079733312";"/root/ros2_ws/src/ros_tutorials/turtlesim/src/turtle.cpp:update:260"
"Oh no! I hit the wall! (Clamping from [x=1.182525, y=-0.007457])";"30";"turtlesim3.sim";"1760103495.077626523";"/root/ros2_ws/src/ros_tutorials/turtlesim/src/turtle.cpp:update:260"
"Oh no! I hit the wall! (Clamping from [x=1.182525, y=-0.007457])";"30";"turtlesim2.sim";"1760103495.070352497";"/root/ros2_ws/src/ros_tutorials/turtlesim/src/turtle.cpp:update:260"
"Oh no! I hit the wall! (Clamping from [x=1.151406, y=-0.007457])";"30";"turtlesim3.sim";"1760103495.063235115";"/root/ros2_ws/src/ros_tutorials/turtlesim/src/turtle.cpp:update:260"
"Oh no! I hit the wall! (Clamping from [x=1.151406, y=-0.007457])";"30";"turtlesim2.sim";"1760103495.048822493";"/root/ros2_ws/src/ros_tutorials/turtlesim/src/turtle.cpp:update:260"
"Oh no! I hit the wall! (Clamping from [x=1.120287, y=-0.007457])";"30";"turtlesim3.sim";"1760103495.046918438";"/root/ros2_ws/src/ros_tutorials/turtlesim/src/turtle.cpp:update:260"
"Oh no! I hit the wall! (Clamping from [x=1.120287, y=-0.007457])";"30";"turtlesim2.sim";"1760103495.031514599";"/root/ros2_ws/src/ros_tutorials/turtlesim/src/turtle.cpp:update:260"
"Oh no! I hit the wall! (Clamping from [x=1.089168, y=-0.007457])";"30";"turtlesim3.sim";"1760103495.029645933";"/root/ros2_ws/src/ros_tutorials/turtlesim/src/turtle.cpp:update:260"
"Oh no! I hit the wall! (Clamping from [x=1.089168, y=-0.007457])";"30";"turtlesim2.sim";"1760103495.015949982";"/root/ros2_ws/src/ros_tutorials/turtlesim/src/turtle.cpp:update:260"
"Oh no! I hit the wall! (Clamping from [x=1.058049, y=-0.007457])";"30";"turtlesim3.sim";"1760103495.014079424";"/root/ros2_ws/src/ros_tutorials/turtlesim/src/turtle.cpp:update:260"
"Oh no! I hit the wall! (Clamping from [x=1.058049, y=-0.007457])";"30";"turtlesim2.sim";"1760103495.000217992";"/root/ros2_ws/src/ros_tutorials/turtlesim/src/turtle.cpp:update:260"
"Oh no! I hit the wall! (Clamping from [x=1.026930, y=-0.007457])";"30";"turtlesim3.sim";"1760103494.998330403";"/root/ros2_ws/src/ros_tutorials/turtlesim/src/turtle.cpp:update:260"
"Oh no! I hit the wall! (Clamping from [x=1.026930, y=-0.007457])";"30";"turtlesim2.sim";"1760103494.984026721";"/root/ros2_ws/src/ros_tutorials/turtlesim/src/turtle.cpp:update:260"
"Oh no! I hit the wall! (Clamping from [x=0.995810, y=-0.007457])";"30";"turtlesim3.sim";"1760103494.982777431";"/root/ros2_ws/src/ros_tutorials/turtlesim/src/turtle.cpp:update:260"
"Oh no! I hit the wall! (Clamping from [x=0.995810, y=-0.007457])";"30";"turtlesim2.sim";"1760103494.967537650";"/root/ros2_ws/src/ros_tutorials/turtlesim/src/turtle.cpp:update:260"
"Oh no! I hit the wall! (Clamping from [x=0.964691, y=-0.007457])";"30";"turtlesim3.sim";"1760103494.966266634";"/root/ros2_ws/src/ros_tutorials/turtlesim/src/turtle.cpp:update:260"
"Oh no! I hit the wall! (Clamping from [x=0.964691, y=-0.007457])";"30";"turtlesim2.sim";"1760103494.952156374";"/root/ros2_ws/src/ros_tutorials/turtlesim/src/turtle.cpp:update:260"
"Oh no! I hit the wall! (Clamping from [x=0.933572, y=-0.007457])";"30";"turtlesim3.sim";"1760103494.949915772";"/root/ros2_ws/src/ros_tutorials/turtlesim/src/turtle.cpp:update:260"
"Oh no! I hit the wall! (Clamping from [x=0.933572, y=-0.007457])";"30";"turtlesim2.sim";"1760103494.936020435";"/root/ros2_ws/src/ros_tutorials/turtlesim/src/turtle.cpp:update:260"
"Oh no! I hit the wall! (Clamping from [x=0.902453, y=-0.007457])";"30";"turtlesim3.sim";"1760103494.934190196";"/root/ros2_ws/src/ros_tutorials/turtlesim/src/turtle.cpp:update:260"
"Oh no! I hit the wall! (Clamping from [x=0.902453, y=-0.007457])";"30";"turtlesim2.sim";"1760103494.919980996";"/root/ros2_ws/src/ros_tutorials/turtlesim/src/turtle.cpp:update:260"
"Oh no! I hit the wall! (Clamping from [x=0.871334, y=-0.007457])";"30";"turtlesim3.sim";"1760103494.918754412";"/root/ros2_ws/src/ros_tutorials/turtlesim/src/turtle.cpp:update:260"
"Oh no! I hit the wall! (Clamping from [x=0.871334, y=-0.007457])";"30";"turtlesim2.sim";"1760103494.904166052";"/root/ros2_ws/src/ros_tutorials/turtlesim/src/turtle.cpp:update:260"
"Oh no! I hit the wall! (Clamping from [x=0.840215, y=-0.007457])";"30";"turtlesim3.sim";"1760103494.902066387";"/root/ros2_ws/src/ros_tutorials/turtlesim/src/turtle.cpp:update:260"
"Oh no! I hit the wall! (Clamping from [x=0.840215, y=-0.007457])";"30";"turtlesim2.sim";"1760103494.887597878";"/root/ros2_ws/src/ros_tutorials/turtlesim/src/turtle.cpp:update:260"
"Oh no! I hit the wall! (Clamping from [x=0.809096, y=-0.007457])";"30";"turtlesim3.sim";"1760103494.886669726";"/root/ros2_ws/src/ros_tutorials/turtlesim/src/turtle.cpp:update:260"
"Oh no! I hit the wall! (Clamping from [x=0.809096, y=-0.007457])";"30";"turtlesim2.sim";"1760103494.871258344";"/root/ros2_ws/src/ros_tutorials/turtlesim/src/turtle.cpp:update:260"
"Oh no! I hit the wall! (Clamping from [x=0.777977, y=-0.007457])";"30";"turtlesim3.sim";"1760103494.870179333";"/root/ros2_ws/src/ros_tutorials/turtlesim/src/turtle.cpp:update:260"
"Oh no! I hit the wall! (Clamping from [x=0.777977, y=-0.007457])";"30";"turtlesim2.sim";"1760103494.856955978";"/root/ros2_ws/src/ros_tutorials/turtlesim/src/turtle.cpp:update:260"
"Oh no! I hit the wall! (Clamping from [x=0.746858, y=-0.007457])";"30";"turtlesim3.sim";"1760103494.854593281";"/root/ros2_ws/src/ros_tutorials/turtlesim/src/turtle.cpp:update:260"
"Oh no! I hit the wall! (Clamping from [x=0.746858, y=-0.007457])";"30";"turtlesim2.sim";"1760103494.839780105";"/root/ros2_ws/src/ros_tutorials/turtlesim/src/turtle.cpp:update:260"
"Oh no! I hit the wall! (Clamping from [x=0.715739, y=-0.007457])";"30";"turtlesim3.sim";"1760103494.839710832";"/root/ros2_ws/src/ros_tutorials/turtlesim/src/turtle.cpp:update:260"
"Oh no! I hit the wall! (Clamping from [x=0.715739, y=-0.007457])";"30";"turtlesim2.sim";"1760103494.823378142";"/root/ros2_ws/src/ros_tutorials/turtlesim/src/turtle.cpp:update:260"
"Oh no! I hit the wall! (Clamping from [x=0.684620, y=-0.007457])";"30";"turtlesim3.sim";"1760103494.822552722";"/root/ros2_ws/src/ros_tutorials/turtlesim/src/turtle.cpp:update:260"
"Oh no! I hit the wall! (Clamping from [x=0.684620, y=-0.007457])";"30";"turtlesim2.sim";"1760103494.807926035";"/root/ros2_ws/src/ros_tutorials/turtlesim/src/turtle.cpp:update:260"
"Oh no! I hit the wall! (Clamping from [x=0.653501, y=-0.007457])";"30";"turtlesim3.sim";"1760103494.806373644";"/root/ros2_ws/src/ros_tutorials/turtlesim/src/turtle.cpp:update:260"
"Oh no! I hit the wall! (Clamping from [x=0.653501, y=-0.007457])";"30";"turtlesim2.sim";"1760103494.798029886";"/root/ros2_ws/src/ros_tutorials/turtlesim/src/turtle.cpp:update:260"
"Oh no! I hit the wall! (Clamping from [x=0.622382, y=-0.007457])";"30";"turtlesim3.sim";"1760103494.794299891";"/root/ros2_ws/src/ros_tutorials/turtlesim/src/turtle.cpp:update:260"
"Oh no! I hit the wall! (Clamping from [x=0.622382, y=-0.007457])";"30";"turtlesim2.sim";"1760103494.776170267";"/root/ros2_ws/src/ros_tutorials/turtlesim/src/turtle.cpp:update:260"
"Oh no! I hit the wall! (Clamping from [x=0.591262, y=-0.007457])";"30";"turtlesim3.sim";"1760103494.774443934";"/root/ros2_ws/src/ros_tutorials/turtlesim/src/turtle.cpp:update:260"
"Oh no! I hit the wall! (Clamping from [x=0.591262, y=-0.007457])";"30";"turtlesim2.sim";"1760103494.759825560";"/root/ros2_ws/src/ros_tutorials/turtlesim/src/turtle.cpp:update:260"
"Oh no! I hit the wall! (Clamping from [x=0.560143, y=-0.007457])";"30";"turtlesim3.sim";"1760103494.758253864";"/root/ros2_ws/src/ros_tutorials/turtlesim/src/turtle.cpp:update:260"
"Oh no! I hit the wall! (Clamping from [x=0.560143, y=-0.007457])";"30";"turtlesim2.sim";"1760103494.744077494";"/root/ros2_ws/src/ros_tutorials/turtlesim/src/turtle.cpp:update:260"
"Oh no! I hit the wall! (Clamping from [x=0.529024, y=-0.007457])";"30";"turtlesim3.sim";"1760103494.742479436";"/root/ros2_ws/src/ros_tutorials/turtlesim/src/turtle.cpp:update:260"
"Oh no! I hit the wall! (Clamping from [x=0.529024, y=-0.007457])";"30";"turtlesim2.sim";"1760103494.728345437";"/root/ros2_ws/src/ros_tutorials/turtlesim/src/turtle.cpp:update:260"
"Oh no! I hit the wall! (Clamping from [x=0.497905, y=-0.007457])";"30";"turtlesim3.sim";"1760103494.727357725";"/root/ros2_ws/src/ros_tutorials/turtlesim/src/turtle.cpp:update:260"
"Oh no! I hit the wall! (Clamping from [x=0.497905, y=-0.007457])";"30";"turtlesim2.sim";"1760103494.712738300";"/root/ros2_ws/src/ros_tutorials/turtlesim/src/turtle.cpp:update:260"
"Oh no! I hit the wall! (Clamping from [x=0.466786, y=-0.007457])";"30";"turtlesim3.sim";"1760103494.709972421";"/root/ros2_ws/src/ros_tutorials/turtlesim/src/turtle.cpp:update:260"
"Oh no! I hit the wall! (Clamping from [x=0.466786, y=-0.007457])";"30";"turtlesim2.sim";"1760103494.695469486";"/root/ros2_ws/src/ros_tutorials/turtlesim/src/turtle.cpp:update:260"
"Oh no! I hit the wall! (Clamping from [x=0.435667, y=-0.007457])";"30";"turtlesim3.sim";"1760103494.694279626";"/root/ros2_ws/src/ros_tutorials/turtlesim/src/turtle.cpp:update:260"
"Oh no! I hit the wall! (Clamping from [x=0.435667, y=-0.007457])";"30";"turtlesim2.sim";"1760103494.679134670";"/root/ros2_ws/src/ros_tutorials/turtlesim/src/turtle.cpp:update:260"
"Oh no! I hit the wall! (Clamping from [x=0.404548, y=-0.007457])";"30";"turtlesim3.sim";"1760103494.678028792";"/root/ros2_ws/src/ros_tutorials/turtlesim/src/turtle.cpp:update:260"
"Oh no! I hit the wall! (Clamping from [x=0.404548, y=-0.007457])";"30";"turtlesim2.sim";"1760103494.664374150";"/root/ros2_ws/src/ros_tutorials/turtlesim/src/turtle.cpp:update:260"
"Oh no! I hit the wall! (Clamping from [x=0.373429, y=-0.007457])";"30";"turtlesim3.sim";"1760103494.662079246";"/root/ros2_ws/src/ros_tutorials/turtlesim/src/turtle.cpp:update:260"
"Oh no! I hit the wall! (Clamping from [x=0.373429, y=-0.007457])";"30";"turtlesim2.sim";"1760103494.648135640";"/root/ros2_ws/src/ros_tutorials/turtlesim/src/turtle.cpp:update:260"
"Oh no! I hit the wall! (Clamping from [x=0.342310, y=-0.007457])";"30";"turtlesim3.sim";"1760103494.647394910";"/root/ros2_ws/src/ros_tutorials/turtlesim/src/turtle.cpp:update:260"
"Oh no! I hit the wall! (Clamping from [x=0.342310, y=-0.007457])";"30";"turtlesim2.sim";"1760103494.632032627";"/root/ros2_ws/src/ros_tutorials/turtlesim/src/turtle.cpp:update:260"
"Oh no! I hit the wall! (Clamping from [x=0.311191, y=-0.007457])";"30";"turtlesim3.sim";"1760103494.629841623";"/root/ros2_ws/src/ros_tutorials/turtlesim/src/turtle.cpp:update:260"
"Oh no! I hit the wall! (Clamping from [x=0.311191, y=-0.007457])";"30";"turtlesim2.sim";"1760103494.615216625";"/root/ros2_ws/src/ros_tutorials/turtlesim/src/turtle.cpp:update:260"
"Oh no! I hit the wall! (Clamping from [x=0.280072, y=-0.007457])";"30";"turtlesim3.sim";"1760103494.613857498";"/root/ros2_ws/src/ros_tutorials/turtlesim/src/turtle.cpp:update:260"
"Oh no! I hit the wall! (Clamping from [x=0.280072, y=-0.007457])";"30";"turtlesim2.sim";"1760103494.599854131";"/root/ros2_ws/src/ros_tutorials/turtlesim/src/turtle.cpp:update:260"
"Oh no! I hit the wall! (Clamping from [x=0.248953, y=-0.007457])";"30";"turtlesim3.sim";"1760103494.598315940";"/root/ros2_ws/src/ros_tutorials/turtlesim/src/turtle.cpp:update:260"
"Oh no! I hit the wall! (Clamping from [x=0.248953, y=-0.007457])";"30";"turtlesim2.sim";"1760103494.584105805";"/root/ros2_ws/src/ros_tutorials/turtlesim/src/turtle.cpp:update:260"
"Oh no! I hit the wall! (Clamping from [x=0.217834, y=-0.007457])";"30";"turtlesim3.sim";"1760103494.582853190";"/root/ros2_ws/src/ros_tutorials/turtlesim/src/turtle.cpp:update:260"
"Oh no! I hit the wall! (Clamping from [x=0.217834, y=-0.007457])";"30";"turtlesim2.sim";"1760103494.567320919";"/root/ros2_ws/src/ros_tutorials/turtlesim/src/turtle.cpp:update:260"
"Oh no! I hit the wall! (Clamping from [x=0.186714, y=-0.007457])";"30";"turtlesim3.sim";"1760103494.565905463";"/root/ros2_ws/src/ros_tutorials/turtlesim/src/turtle.cpp:update:260"
"Oh no! I hit the wall! (Clamping from [x=0.186714, y=-0.007457])";"30";"turtlesim2.sim";"1760103494.551422012";"/root/ros2_ws/src/ros_tutorials/turtlesim/src/turtle.cpp:update:260"
"Oh no! I hit the wall! (Clamping from [x=0.155595, y=-0.007457])";"30";"turtlesim3.sim";"1760103494.550379826";"/root/ros2_ws/src/ros_tutorials/turtlesim/src/turtle.cpp:update:260"
"Oh no! I hit the wall! (Clamping from [x=0.155595, y=-0.007457])";"30";"turtlesim2.sim";"1760103494.536738162";"/root/ros2_ws/src/ros_tutorials/turtlesim/src/turtle.cpp:update:260"
"Oh no! I hit the wall! (Clamping from [x=0.124476, y=-0.007457])";"30";"turtlesim3.sim";"1760103494.535112735";"/root/ros2_ws/src/ros_tutorials/turtlesim/src/turtle.cpp:update:260"
"Oh no! I hit the wall! (Clamping from [x=0.124476, y=-0.007457])";"30";"turtlesim2.sim";"1760103494.523159194";"/root/ros2_ws/src/ros_tutorials/turtlesim/src/turtle.cpp:update:260"
"Oh no! I hit the wall! (Clamping from [x=0.093357, y=-0.007457])";"30";"turtlesim3.sim";"1760103494.519339238";"/root/ros2_ws/src/ros_tutorials/turtlesim/src/turtle.cpp:update:260"
"Oh no! I hit the wall! (Clamping from [x=0.093357, y=-0.007457])";"30";"turtlesim2.sim";"1760103494.504767053";"/root/ros2_ws/src/ros_tutorials/turtlesim/src/turtle.cpp:update:260"
"Oh no! I hit the wall! (Clamping from [x=0.062238, y=-0.007457])";"30";"turtlesim3.sim";"1760103494.502869615";"/root/ros2_ws/src/ros_tutorials/turtlesim/src/turtle.cpp:update:260"
"Oh no! I hit the wall! (Clamping from [x=0.062238, y=-0.007457])";"30";"turtlesim2.sim";"1760103494.487853046";"/root/ros2_ws/src/ros_tutorials/turtlesim/src/turtle.cpp:update:260"
"Oh no! I hit the wall! (Clamping from [x=0.031119, y=-0.007457])";"30";"turtlesim3.sim";"1760103494.486382628";"/root/ros2_ws/src/ros_tutorials/turtlesim/src/turtle.cpp:update:260"
"Oh no! I hit the wall! (Clamping from [x=0.031119, y=-0.007457])";"30";"turtlesim2.sim";"1760103494.472114894";"/root/ros2_ws/src/ros_tutorials/turtlesim/src/turtle.cpp:update:260"
"Oh no! I hit the wall! (Clamping from [x=-0.020131, y=-0.024874])";"30";"turtlesim3.sim";"1760103492.774700860";"/root/ros2_ws/src/ros_tutorials/turtlesim/src/turtle.cpp:update:260"
"Oh no! I hit the wall! (Clamping from [x=-0.020131, y=-0.024874])";"30";"turtlesim2.sim";"1760103492.760318652";"/root/ros2_ws/src/ros_tutorials/turtlesim/src/turtle.cpp:update:260"
"Oh no! I hit the wall! (Clamping from [x=-0.020131, y=-0.024874])";"30";"turtlesim3.sim";"1760103492.758780866";"/root/ros2_ws/src/ros_tutorials/turtlesim/src/turtle.cpp:update:260"
"Oh no! I hit the wall! (Clamping from [x=-0.020131, y=-0.024874])";"30";"turtlesim2.sim";"1760103492.744021057";"/root/ros2_ws/src/ros_tutorials/turtlesim/src/turtle.cpp:update:260"
"Oh no! I hit the wall! (Clamping from [x=-0.020131, y=-0.024874])";"30";"turtlesim3.sim";"1760103492.743090538";"/root/ros2_ws/src/ros_tutorials/turtlesim/src/turtle.cpp:update:260"
"Oh no! I hit the wall! (Clamping from [x=-0.020131, y=-0.024874])";"30";"turtlesim2.sim";"1760103492.727671364";"/root/ros2_ws/src/ros_tutorials/turtlesim/src/turtle.cpp:update:260"
"Oh no! I hit the wall! (Clamping from [x=-0.020131, y=-0.024874])";"30";"turtlesim3.sim";"1760103492.726634659";"/root/ros2_ws/src/ros_tutorials/turtlesim/src/turtle.cpp:update:260"
"Oh no! I hit the wall! (Clamping from [x=-0.020131, y=-0.024874])";"30";"turtlesim2.sim";"1760103492.711940634";"/root/ros2_ws/src/ros_tutorials/turtlesim/src/turtle.cpp:update:260"
"Oh no! I hit the wall! (Clamping from [x=-0.020131, y=-0.024874])";"30";"turtlesim3.sim";"1760103492.709821582";"/root/ros2_ws/src/ros_tutorials/turtlesim/src/turtle.cpp:update:260"
"Oh no! I hit the wall! (Clamping from [x=-0.020131, y=-0.024874])";"30";"turtlesim2.sim";"1760103492.695839087";"/root/ros2_ws/src/ros_tutorials/turtlesim/src/turtle.cpp:update:260"
"Oh no! I hit the wall! (Clamping from [x=-0.020131, y=-0.024874])";"30";"turtlesim3.sim";"1760103492.693929460";"/root/ros2_ws/src/ros_tutorials/turtlesim/src/turtle.cpp:update:260"
"Oh no! I hit the wall! (Clamping from [x=-0.020131, y=-0.024874])";"30";"turtlesim2.sim";"1760103492.681047616";"/root/ros2_ws/src/ros_tutorials/turtlesim/src/turtle.cpp:update:260"
"Oh no! I hit the wall! (Clamping from [x=-0.020131, y=-0.024874])";"30";"turtlesim3.sim";"1760103492.679453407";"/root/ros2_ws/src/ros_tutorials/turtlesim/src/turtle.cpp:update:260"
"Oh no! I hit the wall! (Clamping from [x=-0.020131, y=-0.024874])";"30";"turtlesim2.sim";"1760103492.663464333";"/root/ros2_ws/src/ros_tutorials/turtlesim/src/turtle.cpp:update:260"
"Oh no! I hit the wall! (Clamping from [x=-0.020131, y=-0.024874])";"30";"turtlesim3.sim";"1760103492.661908950";"/root/ros2_ws/src/ros_tutorials/turtlesim/src/turtle.cpp:update:260"
"Oh no! I hit the wall! (Clamping from [x=-0.020131, y=-0.024874])";"30";"turtlesim2.sim";"1760103492.647942330";"/root/ros2_ws/src/ros_tutorials/turtlesim/src/turtle.cpp:update:260"
"Oh no! I hit the wall! (Clamping from [x=-0.020131, y=-0.024874])";"30";"turtlesim3.sim";"1760103492.646172343";"/root/ros2_ws/src/ros_tutorials/turtlesim/src/turtle.cpp:update:260"
"Oh no! I hit the wall! (Clamping from [x=-0.020131, y=-0.024874])";"30";"turtlesim2.sim";"1760103492.632923543";"/root/ros2_ws/src/ros_tutorials/turtlesim/src/turtle.cpp:update:260"
"Oh no! I hit the wall! (Clamping from [x=-0.020131, y=-0.024874])";"30";"turtlesim3.sim";"1760103492.630104993";"/root/ros2_ws/src/ros_tutorials/turtlesim/src/turtle.cpp:update:260"
"Oh no! I hit the wall! (Clamping from [x=-0.020131, y=-0.024874])";"30";"turtlesim2.sim";"1760103492.616303863";"/root/ros2_ws/src/ros_tutorials/turtlesim/src/turtle.cpp:update:260"
"Oh no! I hit the wall! (Clamping from [x=-0.020131, y=-0.024874])";"30";"turtlesim3.sim";"1760103492.615262620";"/root/ros2_ws/src/ros_tutorials/turtlesim/src/turtle.cpp:update:260"
"Oh no! I hit the wall! (Clamping from [x=-0.020131, y=-0.024874])";"30";"turtlesim2.sim";"1760103492.599481204";"/root/ros2_ws/src/ros_tutorials/turtlesim/src/turtle.cpp:update:260"
"Oh no! I hit the wall! (Clamping from [x=-0.020131, y=-0.024874])";"30";"turtlesim3.sim";"1760103492.598696261";"/root/ros2_ws/src/ros_tutorials/turtlesim/src/turtle.cpp:update:260"
"Oh no! I hit the wall! (Clamping from [x=-0.020131, y=-0.024874])";"30";"turtlesim2.sim";"1760103492.583894985";"/root/ros2_ws/src/ros_tutorials/turtlesim/src/turtle.cpp:update:260"
"Oh no! I hit the wall! (Clamping from [x=-0.020131, y=-0.024874])";"30";"turtlesim3.sim";"1760103492.581997915";"/root/ros2_ws/src/ros_tutorials/turtlesim/src/turtle.cpp:update:260"
"Oh no! I hit the wall! (Clamping from [x=-0.020131, y=-0.024874])";"30";"turtlesim2.sim";"1760103492.568103239";"/root/ros2_ws/src/ros_tutorials/turtlesim/src/turtle.cpp:update:260"
"Oh no! I hit the wall! (Clamping from [x=-0.020131, y=-0.024874])";"30";"turtlesim3.sim";"1760103492.566209461";"/root/ros2_ws/src/ros_tutorials/turtlesim/src/turtle.cpp:update:260"
"Oh no! I hit the wall! (Clamping from [x=-0.020131, y=-0.024874])";"30";"turtlesim2.sim";"1760103492.552737520";"/root/ros2_ws/src/ros_tutorials/turtlesim/src/turtle.cpp:update:260"
"Oh no! I hit the wall! (Clamping from [x=-0.020131, y=-0.024874])";"30";"turtlesim3.sim";"1760103492.551455269";"/root/ros2_ws/src/ros_tutorials/turtlesim/src/turtle.cpp:update:260"
"Oh no! I hit the wall! (Clamping from [x=-0.020131, y=-0.024874])";"30";"turtlesim2.sim";"1760103492.536812760";"/root/ros2_ws/src/ros_tutorials/turtlesim/src/turtle.cpp:update:260"
"Oh no! I hit the wall! (Clamping from [x=-0.020131, y=-0.024874])";"30";"turtlesim3.sim";"1760103492.535155548";"/root/ros2_ws/src/ros_tutorials/turtlesim/src/turtle.cpp:update:260"
"Oh no! I hit the wall! (Clamping from [x=-0.020131, y=-0.024874])";"30";"turtlesim2.sim";"1760103492.519478240";"/root/ros2_ws/src/ros_tutorials/turtlesim/src/turtle.cpp:update:260"
"Oh no! I hit the wall! (Clamping from [x=-0.020131, y=-0.024874])";"30";"turtlesim3.sim";"1760103492.518531125";"/root/ros2_ws/src/ros_tutorials/turtlesim/src/turtle.cpp:update:260"
"Oh no! I hit the wall! (Clamping from [x=-0.020131, y=-0.024874])";"30";"turtlesim2.sim";"1760103492.503815833";"/root/ros2_ws/src/ros_tutorials/turtlesim/src/turtle.cpp:update:260"
"Oh no! I hit the wall! (Clamping from [x=-0.020131, y=-0.024874])";"30";"turtlesim3.sim";"1760103492.501708160";"/root/ros2_ws/src/ros_tutorials/turtlesim/src/turtle.cpp:update:260"
"Oh no! I hit the wall! (Clamping from [x=-0.020131, y=-0.024874])";"30";"turtlesim2.sim";"1760103492.487803647";"/root/ros2_ws/src/ros_tutorials/turtlesim/src/turtle.cpp:update:260"
"Oh no! I hit the wall! (Clamping from [x=-0.020131, y=-0.024874])";"30";"turtlesim3.sim";"1760103492.486743560";"/root/ros2_ws/src/ros_tutorials/turtlesim/src/turtle.cpp:update:260"
"Oh no! I hit the wall! (Clamping from [x=-0.020131, y=-0.024874])";"30";"turtlesim2.sim";"1760103492.472776724";"/root/ros2_ws/src/ros_tutorials/turtlesim/src/turtle.cpp:update:260"
"Oh no! I hit the wall! (Clamping from [x=-0.020131, y=-0.024874])";"30";"turtlesim3.sim";"1760103492.471539078";"/root/ros2_ws/src/ros_tutorials/turtlesim/src/turtle.cpp:update:260"
"Oh no! I hit the wall! (Clamping from [x=-0.020131, y=-0.024874])";"30";"turtlesim2.sim";"1760103492.455975790";"/root/ros2_ws/src/ros_tutorials/turtlesim/src/turtle.cpp:update:260"
"Oh no! I hit the wall! (Clamping from [x=-0.020131, y=-0.024874])";"30";"turtlesim3.sim";"1760103492.454809550";"/root/ros2_ws/src/ros_tutorials/turtlesim/src/turtle.cpp:update:260"
"Oh no! I hit the wall! (Clamping from [x=-0.020131, y=-0.024874])";"30";"turtlesim2.sim";"1760103492.439207267";"/root/ros2_ws/src/ros_tutorials/turtlesim/src/turtle.cpp:update:260"
"Oh no! I hit the wall! (Clamping from [x=-0.020131, y=-0.024874])";"30";"turtlesim3.sim";"1760103492.437985709";"/root/ros2_ws/src/ros_tutorials/turtlesim/src/turtle.cpp:update:260"
"Oh no! I hit the wall! (Clamping from [x=-0.020131, y=-0.024874])";"30";"turtlesim2.sim";"1760103492.423391660";"/root/ros2_ws/src/ros_tutorials/turtlesim/src/turtle.cpp:update:260"
"Oh no! I hit the wall! (Clamping from [x=-0.020131, y=-0.024874])";"30";"turtlesim3.sim";"1760103492.422049967";"/root/ros2_ws/src/ros_tutorials/turtlesim/src/turtle.cpp:update:260"
"Oh no! I hit the wall! (Clamping from [x=-0.020131, y=-0.024874])";"30";"turtlesim2.sim";"1760103492.408883739";"/root/ros2_ws/src/ros_tutorials/turtlesim/src/turtle.cpp:update:260"
"Oh no! I hit the wall! (Clamping from [x=-0.020131, y=-0.024874])";"30";"turtlesim3.sim";"1760103492.407222484";"/root/ros2_ws/src/ros_tutorials/turtlesim/src/turtle.cpp:update:260"
"Oh no! I hit the wall! (Clamping from [x=-0.020131, y=-0.024874])";"30";"turtlesim2.sim";"1760103492.392028287";"/root/ros2_ws/src/ros_tutorials/turtlesim/src/turtle.cpp:update:260"
"Oh no! I hit the wall! (Clamping from [x=-0.020131, y=-0.024874])";"30";"turtlesim3.sim";"1760103492.390571376";"/root/ros2_ws/src/ros_tutorials/turtlesim/src/turtle.cpp:update:260"
"Oh no! I hit the wall! (Clamping from [x=-0.020131, y=-0.024874])";"30";"turtlesim2.sim";"1760103492.376115924";"/root/ros2_ws/src/ros_tutorials/turtlesim/src/turtle.cpp:update:260"
"Oh no! I hit the wall! (Clamping from [x=-0.020131, y=-0.024874])";"30";"turtlesim3.sim";"1760103492.373732168";"/root/ros2_ws/src/ros_tutorials/turtlesim/src/turtle.cpp:update:260"
"Oh no! I hit the wall! (Clamping from [x=-0.020131, y=-0.024874])";"30";"turtlesim2.sim";"1760103492.360367179";"/root/ros2_ws/src/ros_tutorials/turtlesim/src/turtle.cpp:update:260"
"Oh no! I hit the wall! (Clamping from [x=-0.020131, y=-0.024874])";"30";"turtlesim3.sim";"1760103492.358092708";"/root/ros2_ws/src/ros_tutorials/turtlesim/src/turtle.cpp:update:260"
"Oh no! I hit the wall! (Clamping from [x=-0.020131, y=-0.024874])";"30";"turtlesim2.sim";"1760103492.344899191";"/root/ros2_ws/src/ros_tutorials/turtlesim/src/turtle.cpp:update:260"
"Oh no! I hit the wall! (Clamping from [x=-0.020131, y=-0.024874])";"30";"turtlesim3.sim";"1760103492.343384261";"/root/ros2_ws/src/ros_tutorials/turtlesim/src/turtle.cpp:update:260"
"Oh no! I hit the wall! (Clamping from [x=-0.020131, y=-0.024874])";"30";"turtlesim2.sim";"1760103492.329219496";"/root/ros2_ws/src/ros_tutorials/turtlesim/src/turtle.cpp:update:260"
"Oh no! I hit the wall! (Clamping from [x=-0.020131, y=-0.024874])";"30";"turtlesim3.sim";"1760103492.326546212";"/root/ros2_ws/src/ros_tutorials/turtlesim/src/turtle.cpp:update:260"
"Oh no! I hit the wall! (Clamping from [x=-0.020131, y=-0.024874])";"30";"turtlesim2.sim";"1760103492.311440245";"/root/ros2_ws/src/ros_tutorials/turtlesim/src/turtle.cpp:update:260"
"Oh no! I hit the wall! (Clamping from [x=-0.020131, y=-0.024874])";"30";"turtlesim3.sim";"1760103492.310663621";"/root/ros2_ws/src/ros_tutorials/turtlesim/src/turtle.cpp:update:260"
"Oh no! I hit the wall! (Clamping from [x=-0.020131, y=-0.024874])";"30";"turtlesim2.sim";"1760103492.295396327";"/root/ros2_ws/src/ros_tutorials/turtlesim/src/turtle.cpp:update:260"
"Oh no! I hit the wall! (Clamping from [x=-0.020131, y=-0.024874])";"30";"turtlesim3.sim";"1760103492.294377966";"/root/ros2_ws/src/ros_tutorials/turtlesim/src/turtle.cpp:update:260"
"Oh no! I hit the wall! (Clamping from [x=-0.020131, y=-0.024874])";"30";"turtlesim2.sim";"1760103492.280566013";"/root/ros2_ws/src/ros_tutorials/turtlesim/src/turtle.cpp:update:260"
"Oh no! I hit the wall! (Clamping from [x=-0.020131, y=-0.024874])";"30";"turtlesim3.sim";"1760103492.278657349";"/root/ros2_ws/src/ros_tutorials/turtlesim/src/turtle.cpp:update:260"
"Oh no! I hit the wall! (Clamping from [x=-0.020131, y=-0.024874])";"30";"turtlesim2.sim";"1760103492.264830273";"/root/ros2_ws/src/ros_tutorials/turtlesim/src/turtle.cpp:update:260"
"Oh no! I hit the wall! (Clamping from [x=-0.020131, y=-0.024874])";"30";"turtlesim3.sim";"1760103492.262561295";"/root/ros2_ws/src/ros_tutorials/turtlesim/src/turtle.cpp:update:260"
"Oh no! I hit the wall! (Clamping from [x=-0.020131, y=-0.024874])";"30";"turtlesim2.sim";"1760103492.247613500";"/root/ros2_ws/src/ros_tutorials/turtlesim/src/turtle.cpp:update:260"
"Oh no! I hit the wall! (Clamping from [x=-0.020131, y=-0.024874])";"30";"turtlesim3.sim";"1760103492.246468792";"/root/ros2_ws/src/ros_tutorials/turtlesim/src/turtle.cpp:update:260"
"Oh no! I hit the wall! (Clamping from [x=-0.020131, y=-0.024874])";"30";"turtlesim2.sim";"1760103492.231866494";"/root/ros2_ws/src/ros_tutorials/turtlesim/src/turtle.cpp:update:260"
"Oh no! I hit the wall! (Clamping from [x=-0.020131, y=-0.024874])";"30";"turtlesim3.sim";"1760103492.229968529";"/root/ros2_ws/src/ros_tutorials/turtlesim/src/turtle.cpp:update:260"
"Oh no! I hit the wall! (Clamping from [x=-0.020131, y=-0.024874])";"30";"turtlesim2.sim";"1760103492.215938246";"/root/ros2_ws/src/ros_tutorials/turtlesim/src/turtle.cpp:update:260"
"Oh no! I hit the wall! (Clamping from [x=-0.020131, y=-0.024874])";"30";"turtlesim3.sim";"1760103492.213914947";"/root/ros2_ws/src/ros_tutorials/turtlesim/src/turtle.cpp:update:260"
"Oh no! I hit the wall! (Clamping from [x=-0.020131, y=-0.024874])";"30";"turtlesim2.sim";"1760103492.199801552";"/root/ros2_ws/src/ros_tutorials/turtlesim/src/turtle.cpp:update:260"
"Oh no! I hit the wall! (Clamping from [x=-0.020131, y=-0.024874])";"30";"turtlesim3.sim";"1760103492.199452058";"/root/ros2_ws/src/ros_tutorials/turtlesim/src/turtle.cpp:update:260"
"Oh no! I hit the wall! (Clamping from [x=-0.020131, y=-0.024874])";"30";"turtlesim2.sim";"1760103492.183613618";"/root/ros2_ws/src/ros_tutorials/turtlesim/src/turtle.cpp:update:260"
"Oh no! I hit the wall! (Clamping from [x=-0.020131, y=-0.024874])";"30";"turtlesim3.sim";"1760103492.182759944";"/root/ros2_ws/src/ros_tutorials/turtlesim/src/turtle.cpp:update:260"
"Oh no! I hit the wall! (Clamping from [x=-0.020131, y=-0.024874])";"30";"turtlesim2.sim";"1760103492.167751192";"/root/ros2_ws/src/ros_tutorials/turtlesim/src/turtle.cpp:update:260"
"Oh no! I hit the wall! (Clamping from [x=-0.020131, y=-0.024874])";"30";"turtlesim3.sim";"1760103492.165845538";"/root/ros2_ws/src/ros_tutorials/turtlesim/src/turtle.cpp:update:260"
"Oh no! I hit the wall! (Clamping from [x=-0.020131, y=-0.024874])";"30";"turtlesim2.sim";"1760103492.152612697";"/root/ros2_ws/src/ros_tutorials/turtlesim/src/turtle.cpp:update:260"
"Oh no! I hit the wall! (Clamping from [x=-0.020131, y=-0.024874])";"30";"turtlesim3.sim";"1760103492.150222277";"/root/ros2_ws/src/ros_tutorials/turtlesim/src/turtle.cpp:update:260"
"Oh no! I hit the wall! (Clamping from [x=-0.020131, y=-0.024874])";"30";"turtlesim2.sim";"1760103492.136176822";"/root/ros2_ws/src/ros_tutorials/turtlesim/src/turtle.cpp:update:260"
"Oh no! I hit the wall! (Clamping from [x=-0.020131, y=-0.024874])";"30";"turtlesim3.sim";"1760103492.135949631";"/root/ros2_ws/src/ros_tutorials/turtlesim/src/turtle.cpp:update:260"
"Oh no! I hit the wall! (Clamping from [x=-0.020131, y=-0.024874])";"30";"turtlesim2.sim";"1760103492.119065654";"/root/ros2_ws/src/ros_tutorials/turtlesim/src/turtle.cpp:update:260"
"Oh no! I hit the wall! (Clamping from [x=-0.020131, y=-0.024874])";"30";"turtlesim3.sim";"1760103492.117987971";"/root/ros2_ws/src/ros_tutorials/turtlesim/src/turtle.cpp:update:260"
"Oh no! I hit the wall! (Clamping from [x=-0.020131, y=-0.024874])";"30";"turtlesim2.sim";"1760103492.103673428";"/root/ros2_ws/src/ros_tutorials/turtlesim/src/turtle.cpp:update:260"
"Oh no! I hit the wall! (Clamping from [x=-0.020131, y=-0.024874])";"30";"turtlesim3.sim";"1760103492.102453822";"/root/ros2_ws/src/ros_tutorials/turtlesim/src/turtle.cpp:update:260"
"Oh no! I hit the wall! (Clamping from [x=-0.020131, y=-0.024874])";"30";"turtlesim2.sim";"1760103492.087805196";"/root/ros2_ws/src/ros_tutorials/turtlesim/src/turtle.cpp:update:260"
"Oh no! I hit the wall! (Clamping from [x=-0.020131, y=-0.024874])";"30";"turtlesim3.sim";"1760103492.085717222";"/root/ros2_ws/src/ros_tutorials/turtlesim/src/turtle.cpp:update:260"
"Oh no! I hit the wall! (Clamping from [x=-0.020131, y=-0.024874])";"30";"turtlesim2.sim";"1760103492.072915303";"/root/ros2_ws/src/ros_tutorials/turtlesim/src/turtle.cpp:update:260"
"Oh no! I hit the wall! (Clamping from [x=-0.020131, y=-0.024874])";"30";"turtlesim3.sim";"1760103492.071250231";"/root/ros2_ws/src/ros_tutorials/turtlesim/src/turtle.cpp:update:260"
"Oh no! I hit the wall! (Clamping from [x=-0.020131, y=-0.024874])";"30";"turtlesim2.sim";"1760103492.056452553";"/root/ros2_ws/src/ros_tutorials/turtlesim/src/turtle.cpp:update:260"
"Oh no! I hit the wall! (Clamping from [x=-0.020131, y=-0.024874])";"30";"turtlesim3.sim";"1760103492.054851227";"/root/ros2_ws/src/ros_tutorials/turtlesim/src/turtle.cpp:update:260"
"Oh no! I hit the wall! (Clamping from [x=-0.020131, y=-0.024874])";"30";"turtlesim2.sim";"1760103492.040029189";"/root/ros2_ws/src/ros_tutorials/turtlesim/src/turtle.cpp:update:260"
"Oh no! I hit the wall! (Clamping from [x=-0.020131, y=-0.024874])";"30";"turtlesim3.sim";"1760103492.037945642";"/root/ros2_ws/src/ros_tutorials/turtlesim/src/turtle.cpp:update:260"
"Oh no! I hit the wall! (Clamping from [x=-0.020131, y=-0.024874])";"30";"turtlesim2.sim";"1760103492.023266651";"/root/ros2_ws/src/ros_tutorials/turtlesim/src/turtle.cpp:update:260"
"Oh no! I hit the wall! (Clamping from [x=-0.020131, y=-0.024874])";"30";"turtlesim3.sim";"1760103492.022032604";"/root/ros2_ws/src/ros_tutorials/turtlesim/src/turtle.cpp:update:260"
"Oh no! I hit the wall! (Clamping from [x=-0.020131, y=-0.024874])";"30";"turtlesim2.sim";"1760103492.008169239";"/root/ros2_ws/src/ros_tutorials/turtlesim/src/turtle.cpp:update:260"
"Oh no! I hit the wall! (Clamping from [x=-0.020131, y=-0.024874])";"30";"turtlesim3.sim";"1760103492.007615073";"/root/ros2_ws/src/ros_tutorials/turtlesim/src/turtle.cpp:update:260"
"Oh no! I hit the wall! (Clamping from [x=-0.020131, y=-0.024874])";"30";"turtlesim2.sim";"1760103491.992628233";"/root/ros2_ws/src/ros_tutorials/turtlesim/src/turtle.cpp:update:260"
"Oh no! I hit the wall! (Clamping from [x=-0.020131, y=-0.024874])";"30";"turtlesim3.sim";"1760103491.990329781";"/root/ros2_ws/src/ros_tutorials/turtlesim/src/turtle.cpp:update:260"
"Oh no! I hit the wall! (Clamping from [x=-0.020131, y=-0.024874])";"30";"turtlesim2.sim";"1760103491.975914745";"/root/ros2_ws/src/ros_tutorials/turtlesim/src/turtle.cpp:update:260"
"Oh no! I hit the wall! (Clamping from [x=-0.020131, y=-0.024874])";"30";"turtlesim3.sim";"1760103491.974144837";"/root/ros2_ws/src/ros_tutorials/turtlesim/src/turtle.cpp:update:260"
"Oh no! I hit the wall! (Clamping from [x=-0.020131, y=-0.024874])";"30";"turtlesim2.sim";"1760103491.960170563";"/root/ros2_ws/src/ros_tutorials/turtlesim/src/turtle.cpp:update:260"
"Oh no! I hit the wall! (Clamping from [x=-0.020131, y=-0.024874])";"30";"turtlesim3.sim";"1760103491.958268652";"/root/ros2_ws/src/ros_tutorials/turtlesim/src/turtle.cpp:update:260"
"Oh no! I hit the wall! (Clamping from [x=-0.020131, y=-0.024874])";"30";"turtlesim2.sim";"1760103491.943327698";"/root/ros2_ws/src/ros_tutorials/turtlesim/src/turtle.cpp:update:260"
"Oh no! I hit the wall! (Clamping from [x=-0.020131, y=-0.024874])";"30";"turtlesim3.sim";"1760103491.943195927";"/root/ros2_ws/src/ros_tutorials/turtlesim/src/turtle.cpp:update:260"
"Oh no! I hit the wall! (Clamping from [x=-0.020131, y=-0.024874])";"30";"turtlesim2.sim";"1760103491.928002289";"/root/ros2_ws/src/ros_tutorials/turtlesim/src/turtle.cpp:update:260"
"Oh no! I hit the wall! (Clamping from [x=-0.020131, y=-0.024874])";"30";"turtlesim3.sim";"1760103491.926360209";"/root/ros2_ws/src/ros_tutorials/turtlesim/src/turtle.cpp:update:260"
"Oh no! I hit the wall! (Clamping from [x=-0.020131, y=-0.024874])";"30";"turtlesim2.sim";"1760103491.911769765";"/root/ros2_ws/src/ros_tutorials/turtlesim/src/turtle.cpp:update:260"
"Oh no! I hit the wall! (Clamping from [x=-0.020131, y=-0.024874])";"30";"turtlesim3.sim";"1760103491.910077908";"/root/ros2_ws/src/ros_tutorials/turtlesim/src/turtle.cpp:update:260"
"Oh no! I hit the wall! (Clamping from [x=-0.020131, y=-0.024874])";"30";"turtlesim2.sim";"1760103491.895978586";"/root/ros2_ws/src/ros_tutorials/turtlesim/src/turtle.cpp:update:260"
"Oh no! I hit the wall! (Clamping from [x=-0.020131, y=-0.024874])";"30";"turtlesim3.sim";"1760103491.894451597";"/root/ros2_ws/src/ros_tutorials/turtlesim/src/turtle.cpp:update:260"
"Oh no! I hit the wall! (Clamping from [x=-0.020131, y=-0.024874])";"30";"turtlesim2.sim";"1760103491.879989041";"/root/ros2_ws/src/ros_tutorials/turtlesim/src/turtle.cpp:update:260"
"Oh no! I hit the wall! (Clamping from [x=-0.020131, y=-0.024874])";"30";"turtlesim3.sim";"1760103491.878492483";"/root/ros2_ws/src/ros_tutorials/turtlesim/src/turtle.cpp:update:260"
"Oh no! I hit the wall! (Clamping from [x=-0.020131, y=-0.024874])";"30";"turtlesim2.sim";"1760103491.864783512";"/root/ros2_ws/src/ros_tutorials/turtlesim/src/turtle.cpp:update:260"
"Oh no! I hit the wall! (Clamping from [x=-0.020131, y=-0.024874])";"30";"turtlesim3.sim";"1760103491.862876935";"/root/ros2_ws/src/ros_tutorials/turtlesim/src/turtle.cpp:update:260"
"Oh no! I hit the wall! (Clamping from [x=-0.020131, y=-0.024874])";"30";"turtlesim2.sim";"1760103491.849260776";"/root/ros2_ws/src/ros_tutorials/turtlesim/src/turtle.cpp:update:260"
"Oh no! I hit the wall! (Clamping from [x=-0.020131, y=-0.024874])";"30";"turtlesim3.sim";"1760103491.846723902";"/root/ros2_ws/src/ros_tutorials/turtlesim/src/turtle.cpp:update:260"
"Oh no! I hit the wall! (Clamping from [x=-0.020131, y=-0.024874])";"30";"turtlesim2.sim";"1760103491.831326936";"/root/ros2_ws/src/ros_tutorials/turtlesim/src/turtle.cpp:update:260"
"Oh no! I hit the wall! (Clamping from [x=-0.020131, y=-0.024874])";"30";"turtlesim3.sim";"1760103491.829956372";"/root/ros2_ws/src/ros_tutorials/turtlesim/src/turtle.cpp:update:260"
"Oh no! I hit the wall! (Clamping from [x=-0.020131, y=-0.024874])";"30";"turtlesim2.sim";"1760103491.815572995";"/root/ros2_ws/src/ros_tutorials/turtlesim/src/turtle.cpp:update:260"
"Oh no! I hit the wall! (Clamping from [x=-0.020131, y=-0.024874])";"30";"turtlesim3.sim";"1760103491.815142945";"/root/ros2_ws/src/ros_tutorials/turtlesim/src/turtle.cpp:update:260"
"Oh no! I hit the wall! (Clamping from [x=-0.020131, y=-0.024874])";"30";"turtlesim2.sim";"1760103491.800546526";"/root/ros2_ws/src/ros_tutorials/turtlesim/src/turtle.cpp:update:260"
"Oh no! I hit the wall! (Clamping from [x=-0.020131, y=-0.024874])";"30";"turtlesim3.sim";"1760103491.799392043";"/root/ros2_ws/src/ros_tutorials/turtlesim/src/turtle.cpp:update:260"
"Oh no! I hit the wall! (Clamping from [x=-0.020131, y=-0.024874])";"30";"turtlesim2.sim";"1760103491.783948396";"/root/ros2_ws/src/ros_tutorials/turtlesim/src/turtle.cpp:update:260"
"Oh no! I hit the wall! (Clamping from [x=-0.020131, y=-0.024874])";"30";"turtlesim3.sim";"1760103491.782867574";"/root/ros2_ws/src/ros_tutorials/turtlesim/src/turtle.cpp:update:260"
"Oh no! I hit the wall! (Clamping from [x=-0.020131, y=-0.024874])";"30";"turtlesim2.sim";"1760103491.767736239";"/root/ros2_ws/src/ros_tutorials/turtlesim/src/turtle.cpp:update:260"
"Oh no! I hit the wall! (Clamping from [x=-0.020131, y=-0.024874])";"30";"turtlesim3.sim";"1760103491.766336953";"/root/ros2_ws/src/ros_tutorials/turtlesim/src/turtle.cpp:update:260"
"Oh no! I hit the wall! (Clamping from [x=-0.020131, y=-0.024874])";"30";"turtlesim2.sim";"1760103491.751827808";"/root/ros2_ws/src/ros_tutorials/turtlesim/src/turtle.cpp:update:260"
"Oh no! I hit the wall! (Clamping from [x=-0.020131, y=-0.024874])";"30";"turtlesim3.sim";"1760103491.750575468";"/root/ros2_ws/src/ros_tutorials/turtlesim/src/turtle.cpp:update:260"
"Oh no! I hit the wall! (Clamping from [x=-0.020131, y=-0.024874])";"30";"turtlesim2.sim";"1760103491.735892225";"/root/ros2_ws/src/ros_tutorials/turtlesim/src/turtle.cpp:update:260"
"Oh no! I hit the wall! (Clamping from [x=-0.020131, y=-0.024874])";"30";"turtlesim3.sim";"1760103491.734627508";"/root/ros2_ws/src/ros_tutorials/turtlesim/src/turtle.cpp:update:260"
"Oh no! I hit the wall! (Clamping from [x=-0.020131, y=-0.024874])";"30";"turtlesim2.sim";"1760103491.719873194";"/root/ros2_ws/src/ros_tutorials/turtlesim/src/turtle.cpp:update:260"
"Oh no! I hit the wall! (Clamping from [x=-0.020131, y=-0.024874])";"30";"turtlesim3.sim";"1760103491.718631099";"/root/ros2_ws/src/ros_tutorials/turtlesim/src/turtle.cpp:update:260"
"Oh no! I hit the wall! (Clamping from [x=-0.020131, y=-0.024874])";"30";"turtlesim2.sim";"1760103491.703671376";"/root/ros2_ws/src/ros_tutorials/turtlesim/src/turtle.cpp:update:260"
"Oh no! I hit the wall! (Clamping from [x=-0.020131, y=-0.024874])";"30";"turtlesim3.sim";"1760103491.702200758";"/root/ros2_ws/src/ros_tutorials/turtlesim/src/turtle.cpp:update:260"
"Oh no! I hit the wall! (Clamping from [x=-0.020131, y=-0.024874])";"30";"turtlesim2.sim";"1760103491.688118213";"/root/ros2_ws/src/ros_tutorials/turtlesim/src/turtle.cpp:update:260"
"Oh no! I hit the wall! (Clamping from [x=-0.020131, y=-0.024874])";"30";"turtlesim3.sim";"1760103491.686407317";"/root/ros2_ws/src/ros_tutorials/turtlesim/src/turtle.cpp:update:260"
"Oh no! I hit the wall! (Clamping from [x=-0.020131, y=-0.024874])";"30";"turtlesim2.sim";"1760103491.672335440";"/root/ros2_ws/src/ros_tutorials/turtlesim/src/turtle.cpp:update:260"
"Oh no! I hit the wall! (Clamping from [x=-0.020131, y=-0.024874])";"30";"turtlesim3.sim";"1760103491.670368128";"/root/ros2_ws/src/ros_tutorials/turtlesim/src/turtle.cpp:update:260"
"Oh no! I hit the wall! (Clamping from [x=-0.020131, y=-0.024874])";"30";"turtlesim2.sim";"1760103492.489140922";"/root/ros2_ws/src/ros_tutorials/turtlesim/src/turtle.cpp:update:260"
"Oh no! I hit the wall! (Clamping from [x=-0.020131, y=-0.024874])";"30";"turtlesim3.sim";"1760103492.487931864";"/root/ros2_ws/src/ros_tutorials/turtlesim/src/turtle.cpp:update:260"
"Oh no! I hit the wall! (Clamping from [x=-0.020131, y=-0.024874])";"30";"turtlesim2.sim";"1760103492.472539554";"/root/ros2_ws/src/ros_tutorials/turtlesim/src/turtle.cpp:update:260"
"Oh no! I hit the wall! (Clamping from [x=-0.020131, y=-0.024874])";"30";"turtlesim3.sim";"1760103492.470483311";"/root/ros2_ws/src/ros_tutorials/turtlesim/src/turtle.cpp:update:260"
"Oh no! I hit the wall! (Clamping from [x=-0.020131, y=-0.024874])";"30";"turtlesim2.sim";"1760103492.456034205";"/root/ros2_ws/src/ros_tutorials/turtlesim/src/turtle.cpp:update:260"
"Oh no! I hit the wall! (Clamping from [x=-0.020131, y=-0.024874])";"30";"turtlesim3.sim";"1760103492.454896550";"/root/ros2_ws/src/ros_tutorials/turtlesim/src/turtle.cpp:update:260"
"Oh no! I hit the wall! (Clamping from [x=-0.020131, y=-0.024874])";"30";"turtlesim2.sim";"1760103492.440465715";"/root/ros2_ws/src/ros_tutorials/turtlesim/src/turtle.cpp:update:260"
"Oh no! I hit the wall! (Clamping from [x=-0.020131, y=-0.024874])";"30";"turtlesim3.sim";"1760103492.439407022";"/root/ros2_ws/src/ros_tutorials/turtlesim/src/turtle.cpp:update:260"
"Oh no! I hit the wall! (Clamping from [x=-0.020131, y=-0.024874])";"30";"turtlesim2.sim";"1760103492.425896277";"/root/ros2_ws/src/ros_tutorials/turtlesim/src/turtle.cpp:update:260"
"Oh no! I hit the wall! (Clamping from [x=-0.020131, y=-0.024874])";"30";"turtlesim3.sim";"1760103492.423518294";"/root/ros2_ws/src/ros_tutorials/turtlesim/src/turtle.cpp:update:260"
"Oh no! I hit the wall! (Clamping from [x=-0.020131, y=-0.024874])";"30";"turtlesim2.sim";"1760103492.409940176";"/root/ros2_ws/src/ros_tutorials/turtlesim/src/turtle.cpp:update:260"
"Oh no! I hit the wall! (Clamping from [x=-0.020131, y=-0.024874])";"30";"turtlesim3.sim";"1760103492.407050537";"/root/ros2_ws/src/ros_tutorials/turtlesim/src/turtle.cpp:update:260"
"Oh no! I hit the wall! (Clamping from [x=-0.020131, y=-0.024874])";"30";"turtlesim2.sim";"1760103492.392634684";"/root/ros2_ws/src/ros_tutorials/turtlesim/src/turtle.cpp:update:260"
"Oh no! I hit the wall! (Clamping from [x=-0.020131, y=-0.024874])";"30";"turtlesim3.sim";"1760103492.390410227";"/root/ros2_ws/src/ros_tutorials/turtlesim/src/turtle.cpp:update:260"
"Oh no! I hit the wall! (Clamping from [x=-0.020131, y=-0.024874])";"30";"turtlesim2.sim";"1760103492.376812752";"/root/ros2_ws/src/ros_tutorials/turtlesim/src/turtle.cpp:update:260"
"Oh no! I hit the wall! (Clamping from [x=-0.020131, y=-0.024874])";"30";"turtlesim3.sim";"1760103492.374503633";"/root/ros2_ws/src/ros_tutorials/turtlesim/src/turtle.cpp:update:260"
"Oh no! I hit the wall! (Clamping from [x=-0.020131, y=-0.024874])";"30";"turtlesim2.sim";"1760103492.360963306";"/root/ros2_ws/src/ros_tutorials/turtlesim/src/turtle.cpp:update:260"
"Oh no! I hit the wall! (Clamping from [x=-0.020131, y=-0.024874])";"30";"turtlesim3.sim";"1760103492.359961325";"/root/ros2_ws/src/ros_tutorials/turtlesim/src/turtle.cpp:update:260"
"Oh no! I hit the wall! (Clamping from [x=-0.020131, y=-0.024874])";"30";"turtlesim2.sim";"1760103492.345478258";"/root/ros2_ws/src/ros_tutorials/turtlesim/src/turtle.cpp:update:260"
"Oh no! I hit the wall! (Clamping from [x=-0.020131, y=-0.024874])";"30";"turtlesim3.sim";"1760103492.343702923";"/root/ros2_ws/src/ros_tutorials/turtlesim/src/turtle.cpp:update:260"
"Oh no! I hit the wall! (Clamping from [x=-0.020131, y=-0.024874])";"30";"turtlesim2.sim";"1760103492.328077420";"/root/ros2_ws/src/ros_tutorials/turtlesim/src/turtle.cpp:update:260"
"Oh no! I hit the wall! (Clamping from [x=-0.020131, y=-0.024874])";"30";"turtlesim3.sim";"1760103491.782975813";"/root/ros2_ws/src/ros_tutorials/turtlesim/src/turtle.cpp:update:260"
"Oh no! I hit the wall! (Clamping from [x=-0.020131, y=-0.024874])";"30";"turtlesim2.sim";"1760103491.767987889";"/root/ros2_ws/src/ros_tutorials/turtlesim/src/turtle.cpp:update:260"
"Oh no! I hit the wall! (Clamping from [x=-0.020131, y=-0.024874])";"30";"turtlesim3.sim";"1760103491.767154896";"/root/ros2_ws/src/ros_tutorials/turtlesim/src/turtle.cpp:update:260"
"Oh no! I hit the wall! (Clamping from [x=-0.020131, y=-0.024874])";"30";"turtlesim1.sim";"1760103491.754135066";"/root/ros2_ws/src/ros_tutorials/turtlesim/src/turtle.cpp:update:260"
"Oh no! I hit the wall! (Clamping from [x=-0.020131, y=-0.024874])";"30";"turtlesim2.sim";"1760103491.752519463";"/root/ros2_ws/src/ros_tutorials/turtlesim/src/turtle.cpp:update:260"
"Oh no! I hit the wall! (Clamping from [x=-0.020131, y=-0.024874])";"30";"turtlesim3.sim";"1760103491.751434155";"/root/ros2_ws/src/ros_tutorials/turtlesim/src/turtle.cpp:update:260"
"Oh no! I hit the wall! (Clamping from [x=-0.020131, y=-0.024874])";"30";"turtlesim1.sim";"1760103491.738522876";"/root/ros2_ws/src/ros_tutorials/turtlesim/src/turtle.cpp:update:260"
"Oh no! I hit the wall! (Clamping from [x=-0.020131, y=-0.024874])";"30";"turtlesim2.sim";"1760103491.736589099";"/root/ros2_ws/src/ros_tutorials/turtlesim/src/turtle.cpp:update:260"
"Oh no! I hit the wall! (Clamping from [x=-0.020131, y=-0.024874])";"30";"turtlesim3.sim";"1760103491.735577061";"/root/ros2_ws/src/ros_tutorials/turtlesim/src/turtle.cpp:update:260"
"Oh no! I hit the wall! (Clamping from [x=-0.020131, y=-0.024874])";"30";"turtlesim1.sim";"1760103491.722129284";"/root/ros2_ws/src/ros_tutorials/turtlesim/src/turtle.cpp:update:260"
"Oh no! I hit the wall! (Clamping from [x=-0.020131, y=-0.024874])";"30";"turtlesim2.sim";"1760103491.720633310";"/root/ros2_ws/src/ros_tutorials/turtlesim/src/turtle.cpp:update:260"
"Oh no! I hit the wall! (Clamping from [x=-0.020131, y=-0.024874])";"30";"turtlesim3.sim";"1760103491.718996300";"/root/ros2_ws/src/ros_tutorials/turtlesim/src/turtle.cpp:update:260"
"Oh no! I hit the wall! (Clamping from [x=-0.020131, y=-0.024874])";"30";"turtlesim1.sim";"1760103491.706279822";"/root/ros2_ws/src/ros_tutorials/turtlesim/src/turtle.cpp:update:260"
"Oh no! I hit the wall! (Clamping from [x=-0.020131, y=-0.024874])";"30";"turtlesim2.sim";"1760103491.704163475";"/root/ros2_ws/src/ros_tutorials/turtlesim/src/turtle.cpp:update:260"
"Oh no! I hit the wall! (Clamping from [x=-0.020131, y=-0.024874])";"30";"turtlesim3.sim";"1760103491.702480999";"/root/ros2_ws/src/ros_tutorials/turtlesim/src/turtle.cpp:update:260"
"Oh no! I hit the wall! (Clamping from [x=-0.020131, y=-0.024874])";"30";"turtlesim1.sim";"1760103491.689389973";"/root/ros2_ws/src/ros_tutorials/turtlesim/src/turtle.cpp:update:260"
"Oh no! I hit the wall! (Clamping from [x=-0.020131, y=-0.024874])";"30";"turtlesim2.sim";"1760103491.688708490";"/root/ros2_ws/src/ros_tutorials/turtlesim/src/turtle.cpp:update:260"
"Oh no! I hit the wall! (Clamping from [x=-0.020131, y=-0.024874])";"30";"turtlesim3.sim";"1760103491.687019561";"/root/ros2_ws/src/ros_tutorials/turtlesim/src/turtle.cpp:update:260"
"Oh no! I hit the wall! (Clamping from [x=-0.020131, y=-0.024874])";"30";"turtlesim1.sim";"1760103491.675017351";"/root/ros2_ws/src/ros_tutorials/turtlesim/src/turtle.cpp:update:260"
"Oh no! I hit the wall! (Clamping from [x=-0.020131, y=-0.024874])";"30";"turtlesim2.sim";"1760103491.672495451";"/root/ros2_ws/src/ros_tutorials/turtlesim/src/turtle.cpp:update:260"
"Oh no! I hit the wall! (Clamping from [x=-0.020131, y=-0.024874])";"30";"turtlesim3.sim";"1760103491.671140145";"/root/ros2_ws/src/ros_tutorials/turtlesim/src/turtle.cpp:update:260"
"Oh no! I hit the wall! (Clamping from [x=-0.020131, y=-0.024874])";"30";"turtlesim1.sim";"1760103491.658823280";"/root/ros2_ws/src/ros_tutorials/turtlesim/src/turtle.cpp:update:260"
"Oh no! I hit the wall! (Clamping from [x=-0.020131, y=-0.024874])";"30";"turtlesim2.sim";"1760103491.656756877";"/root/ros2_ws/src/ros_tutorials/turtlesim/src/turtle.cpp:update:260"
"Oh no! I hit the wall! (Clamping from [x=-0.020131, y=-0.024874])";"30";"turtlesim3.sim";"1760103491.654180203";"/root/ros2_ws/src/ros_tutorials/turtlesim/src/turtle.cpp:update:260"
"Oh no! I hit the wall! (Clamping from [x=-0.020131, y=-0.024874])";"30";"turtlesim1.sim";"1760103491.641572051";"/root/ros2_ws/src/ros_tutorials/turtlesim/src/turtle.cpp:update:260"
"Oh no! I hit the wall! (Clamping from [x=-0.020131, y=-0.024874])";"30";"turtlesim2.sim";"1760103491.640438363";"/root/ros2_ws/src/ros_tutorials/turtlesim/src/turtle.cpp:update:260"
"Oh no! I hit the wall! (Clamping from [x=-0.020131, y=-0.024874])";"30";"turtlesim3.sim";"1760103491.638715834";"/root/ros2_ws/src/ros_tutorials/turtlesim/src/turtle.cpp:update:260"
"Oh no! I hit the wall! (Clamping from [x=-0.020131, y=-0.024874])";"30";"turtlesim1.sim";"1760103491.625813794";"/root/ros2_ws/src/ros_tutorials/turtlesim/src/turtle.cpp:update:260"
"Oh no! I hit the wall! (Clamping from [x=-0.012968, y=-0.024874])";"30";"turtlesim2.sim";"1760103491.624434464";"/root/ros2_ws/src/ros_tutorials/turtlesim/src/turtle.cpp:update:260"
"Oh no! I hit the wall! (Clamping from [x=-0.012968, y=-0.024874])";"30";"turtlesim3.sim";"1760103491.623591022";"/root/ros2_ws/src/ros_tutorials/turtlesim/src/turtle.cpp:update:260"
"Oh no! I hit the wall! (Clamping from [x=-0.012968, y=-0.024874])";"30";"turtlesim1.sim";"1760103491.612119692";"/root/ros2_ws/src/ros_tutorials/turtlesim/src/turtle.cpp:update:260"
"Oh no! I hit the wall! (Clamping from [x=0.007163, y=-0.024874])";"30";"turtlesim2.sim";"1760103491.608906267";"/root/ros2_ws/src/ros_tutorials/turtlesim/src/turtle.cpp:update:260"
"Oh no! I hit the wall! (Clamping from [x=0.007163, y=-0.024874])";"30";"turtlesim3.sim";"1760103491.607702561";"/root/ros2_ws/src/ros_tutorials/turtlesim/src/turtle.cpp:update:260"
"Oh no! I hit the wall! (Clamping from [x=0.007163, y=-0.024874])";"30";"turtlesim1.sim";"1760103491.594882797";"/root/ros2_ws/src/ros_tutorials/turtlesim/src/turtle.cpp:update:260"
"Oh no! I hit the wall! (Clamping from [x=0.027294, y=-0.024874])";"30";"turtlesim2.sim";"1760103491.592559411";"/root/ros2_ws/src/ros_tutorials/turtlesim/src/turtle.cpp:update:260"
"Oh no! I hit the wall! (Clamping from [x=0.027294, y=-0.024874])";"30";"turtlesim3.sim";"1760103491.591589807";"/root/ros2_ws/src/ros_tutorials/turtlesim/src/turtle.cpp:update:260"
"Oh no! I hit the wall! (Clamping from [x=0.027294, y=-0.024874])";"30";"turtlesim1.sim";"1760103491.577996764";"/root/ros2_ws/src/ros_tutorials/turtlesim/src/turtle.cpp:update:260"
"Oh no! I hit the wall! (Clamping from [x=0.047425, y=-0.024874])";"30";"turtlesim2.sim";"1760103491.576273893";"/root/ros2_ws/src/ros_tutorials/turtlesim/src/turtle.cpp:update:260"
"Oh no! I hit the wall! (Clamping from [x=0.047425, y=-0.024874])";"30";"turtlesim3.sim";"1760103491.574251987";"/root/ros2_ws/src/ros_tutorials/turtlesim/src/turtle.cpp:update:260"
"Oh no! I hit the wall! (Clamping from [x=0.047425, y=-0.024874])";"30";"turtlesim1.sim";"1760103491.561743803";"/root/ros2_ws/src/ros_tutorials/turtlesim/src/turtle.cpp:update:260"
"Oh no! I hit the wall! (Clamping from [x=0.067557, y=-0.024874])";"30";"turtlesim2.sim";"1760103491.560634468";"/root/ros2_ws/src/ros_tutorials/turtlesim/src/turtle.cpp:update:260"
"Oh no! I hit the wall! (Clamping from [x=0.067557, y=-0.024874])";"30";"turtlesim3.sim";"1760103491.559003743";"/root/ros2_ws/src/ros_tutorials/turtlesim/src/turtle.cpp:update:260"
"Oh no! I hit the wall! (Clamping from [x=0.067557, y=-0.024874])";"30";"turtlesim1.sim";"1760103491.547497326";"/root/ros2_ws/src/ros_tutorials/turtlesim/src/turtle.cpp:update:260"
"Oh no! I hit the wall! (Clamping from [x=0.087688, y=-0.024874])";"30";"turtlesim2.sim";"1760103491.545665980";"/root/ros2_ws/src/ros_tutorials/turtlesim/src/turtle.cpp:update:260"
"Oh no! I hit the wall! (Clamping from [x=0.087688, y=-0.024874])";"30";"turtlesim3.sim";"1760103491.543312605";"/root/ros2_ws/src/ros_tutorials/turtlesim/src/turtle.cpp:update:260"
"Oh no! I hit the wall! (Clamping from [x=0.087688, y=-0.024874])";"30";"turtlesim1.sim";"1760103491.530641469";"/root/ros2_ws/src/ros_tutorials/turtlesim/src/turtle.cpp:update:260"
"Oh no! I hit the wall! (Clamping from [x=0.107819, y=-0.024874])";"30";"turtlesim2.sim";"1760103491.529080884";"/root/ros2_ws/src/ros_tutorials/turtlesim/src/turtle.cpp:update:260"
"Oh no! I hit the wall! (Clamping from [x=0.107819, y=-0.024874])";"30";"turtlesim3.sim";"1760103491.527479838";"/root/ros2_ws/src/ros_tutorials/turtlesim/src/turtle.cpp:update:260"
"Oh no! I hit the wall! (Clamping from [x=0.107819, y=-0.024874])";"30";"turtlesim1.sim";"1760103491.513805447";"/root/ros2_ws/src/ros_tutorials/turtlesim/src/turtle.cpp:update:260"
"Oh no! I hit the wall! (Clamping from [x=0.127950, y=-0.024874])";"30";"turtlesim2.sim";"1760103491.511788994";"/root/ros2_ws/src/ros_tutorials/turtlesim/src/turtle.cpp:update:260"
"Oh no! I hit the wall! (Clamping from [x=0.127950, y=-0.024874])";"30";"turtlesim3.sim";"1760103491.510336718";"/root/ros2_ws/src/ros_tutorials/turtlesim/src/turtle.cpp:update:260"
"Oh no! I hit the wall! (Clamping from [x=0.127950, y=-0.024874])";"30";"turtlesim1.sim";"1760103491.497859485";"/root/ros2_ws/src/ros_tutorials/turtlesim/src/turtle.cpp:update:260"
"Oh no! I hit the wall! (Clamping from [x=0.148081, y=-0.024874])";"30";"turtlesim2.sim";"1760103491.496550687";"/root/ros2_ws/src/ros_tutorials/turtlesim/src/turtle.cpp:update:260"
"Oh no! I hit the wall! (Clamping from [x=0.148081, y=-0.024874])";"30";"turtlesim3.sim";"1760103491.494802924";"/root/ros2_ws/src/ros_tutorials/turtlesim/src/turtle.cpp:update:260"
"Oh no! I hit the wall! (Clamping from [x=0.148081, y=-0.024874])";"30";"turtlesim1.sim";"1760103491.481910794";"/root/ros2_ws/src/ros_tutorials/turtlesim/src/turtle.cpp:update:260"
"Oh no! I hit the wall! (Clamping from [x=0.168212, y=-0.024874])";"30";"turtlesim2.sim";"1760103491.481147964";"/root/ros2_ws/src/ros_tutorials/turtlesim/src/turtle.cpp:update:260"
"Oh no! I hit the wall! (Clamping from [x=0.168212, y=-0.024874])";"30";"turtlesim3.sim";"1760103491.479259920";"/root/ros2_ws/src/ros_tutorials/turtlesim/src/turtle.cpp:update:260"
"Oh no! I hit the wall! (Clamping from [x=0.168212, y=-0.024874])";"30";"turtlesim1.sim";"1760103491.467075031";"/root/ros2_ws/src/ros_tutorials/turtlesim/src/turtle.cpp:update:260"
"Oh no! I hit the wall! (Clamping from [x=0.188343, y=-0.024874])";"30";"turtlesim2.sim";"1760103491.466414777";"/root/ros2_ws/src/ros_tutorials/turtlesim/src/turtle.cpp:update:260"
"Oh no! I hit the wall! (Clamping from [x=0.188343, y=-0.024874])";"30";"turtlesim3.sim";"1760103491.463573461";"/root/ros2_ws/src/ros_tutorials/turtlesim/src/turtle.cpp:update:260"
"Oh no! I hit the wall! (Clamping from [x=0.188343, y=-0.024874])";"30";"turtlesim1.sim";"1760103491.449897653";"/root/ros2_ws/src/ros_tutorials/turtlesim/src/turtle.cpp:update:260"
"Oh no! I hit the wall! (Clamping from [x=0.208474, y=-0.024874])";"30";"turtlesim2.sim";"1760103491.448053686";"/root/ros2_ws/src/ros_tutorials/turtlesim/src/turtle.cpp:update:260"
"Oh no! I hit the wall! (Clamping from [x=0.208474, y=-0.024874])";"30";"turtlesim3.sim";"1760103491.446690633";"/root/ros2_ws/src/ros_tutorials/turtlesim/src/turtle.cpp:update:260"
"Oh no! I hit the wall! (Clamping from [x=0.208474, y=-0.024874])";"30";"turtlesim1.sim";"1760103491.433344376";"/root/ros2_ws/src/ros_tutorials/turtlesim/src/turtle.cpp:update:260"
"Oh no! I hit the wall! (Clamping from [x=0.228605, y=-0.024874])";"30";"turtlesim2.sim";"1760103491.432495921";"/root/ros2_ws/src/ros_tutorials/turtlesim/src/turtle.cpp:update:260"
"Oh no! I hit the wall! (Clamping from [x=0.228605, y=-0.024874])";"30";"turtlesim3.sim";"1760103491.430519911";"/root/ros2_ws/src/ros_tutorials/turtlesim/src/turtle.cpp:update:260"
"Oh no! I hit the wall! (Clamping from [x=0.228605, y=-0.024874])";"30";"turtlesim1.sim";"1760103491.422217043";"/root/ros2_ws/src/ros_tutorials/turtlesim/src/turtle.cpp:update:260"
"Oh no! I hit the wall! (Clamping from [x=0.248736, y=-0.024874])";"30";"turtlesim2.sim";"1760103491.416292230";"/root/ros2_ws/src/ros_tutorials/turtlesim/src/turtle.cpp:update:260"
"Oh no! I hit the wall! (Clamping from [x=0.248736, y=-0.024874])";"30";"turtlesim3.sim";"1760103491.414829568";"/root/ros2_ws/src/ros_tutorials/turtlesim/src/turtle.cpp:update:260"
"Oh no! I hit the wall! (Clamping from [x=0.248736, y=-0.024874])";"30";"turtlesim1.sim";"1760103491.406592293";"/root/ros2_ws/src/ros_tutorials/turtlesim/src/turtle.cpp:update:260"
"Oh no! I hit the wall! (Clamping from [x=0.268867, y=-0.024874])";"30";"turtlesim2.sim";"1760103491.401093479";"/root/ros2_ws/src/ros_tutorials/turtlesim/src/turtle.cpp:update:260"
"Oh no! I hit the wall! (Clamping from [x=0.268867, y=-0.024874])";"30";"turtlesim3.sim";"1760103491.399567852";"/root/ros2_ws/src/ros_tutorials/turtlesim/src/turtle.cpp:update:260"
"Oh no! I hit the wall! (Clamping from [x=0.268867, y=-0.024874])";"30";"turtlesim1.sim";"1760103491.386675118";"/root/ros2_ws/src/ros_tutorials/turtlesim/src/turtle.cpp:update:260"
"Oh no! I hit the wall! (Clamping from [x=0.288998, y=-0.024874])";"30";"turtlesim2.sim";"1760103491.386413351";"/root/ros2_ws/src/ros_tutorials/turtlesim/src/turtle.cpp:update:260"
"Oh no! I hit the wall! (Clamping from [x=0.288998, y=-0.024874])";"30";"turtlesim3.sim";"1760103491.382447966";"/root/ros2_ws/src/ros_tutorials/turtlesim/src/turtle.cpp:update:260"
"Oh no! I hit the wall! (Clamping from [x=0.288998, y=-0.024874])";"30";"turtlesim1.sim";"1760103491.370158304";"/root/ros2_ws/src/ros_tutorials/turtlesim/src/turtle.cpp:update:260"
"Oh no! I hit the wall! (Clamping from [x=0.309129, y=-0.024874])";"30";"turtlesim2.sim";"1760103491.368606371";"/root/ros2_ws/src/ros_tutorials/turtlesim/src/turtle.cpp:update:260"
"Oh no! I hit the wall! (Clamping from [x=0.309129, y=-0.024874])";"30";"turtlesim3.sim";"1760103491.367305999";"/root/ros2_ws/src/ros_tutorials/turtlesim/src/turtle.cpp:update:260"
"Oh no! I hit the wall! (Clamping from [x=0.309129, y=-0.024874])";"30";"turtlesim1.sim";"1760103491.354005996";"/root/ros2_ws/src/ros_tutorials/turtlesim/src/turtle.cpp:update:260"
"Oh no! I hit the wall! (Clamping from [x=0.329260, y=-0.024874])";"30";"turtlesim2.sim";"1760103491.352875579";"/root/ros2_ws/src/ros_tutorials/turtlesim/src/turtle.cpp:update:260"
"Oh no! I hit the wall! (Clamping from [x=0.329260, y=-0.024874])";"30";"turtlesim3.sim";"1760103491.351273715";"/root/ros2_ws/src/ros_tutorials/turtlesim/src/turtle.cpp:update:260"
"Oh no! I hit the wall! (Clamping from [x=0.329260, y=-0.024874])";"30";"turtlesim1.sim";"1760103491.339670793";"/root/ros2_ws/src/ros_tutorials/turtlesim/src/turtle.cpp:update:260"
"Oh no! I hit the wall! (Clamping from [x=0.349391, y=-0.024874])";"30";"turtlesim2.sim";"1760103491.337863140";"/root/ros2_ws/src/ros_tutorials/turtlesim/src/turtle.cpp:update:260"
"Oh no! I hit the wall! (Clamping from [x=0.349391, y=-0.024874])";"30";"turtlesim3.sim";"1760103491.335244053";"/root/ros2_ws/src/ros_tutorials/turtlesim/src/turtle.cpp:update:260"
"Oh no! I hit the wall! (Clamping from [x=0.349391, y=-0.024874])";"30";"turtlesim1.sim";"1760103491.322490196";"/root/ros2_ws/src/ros_tutorials/turtlesim/src/turtle.cpp:update:260"
"Oh no! I hit the wall! (Clamping from [x=0.369522, y=-0.024874])";"30";"turtlesim2.sim";"1760103491.321268174";"/root/ros2_ws/src/ros_tutorials/turtlesim/src/turtle.cpp:update:260"
"Oh no! I hit the wall! (Clamping from [x=0.369522, y=-0.024874])";"30";"turtlesim3.sim";"1760103491.318994452";"/root/ros2_ws/src/ros_tutorials/turtlesim/src/turtle.cpp:update:260"
"Oh no! I hit the wall! (Clamping from [x=0.369522, y=-0.024874])";"30";"turtlesim1.sim";"1760103491.305544407";"/root/ros2_ws/src/ros_tutorials/turtlesim/src/turtle.cpp:update:260"
"Oh no! I hit the wall! (Clamping from [x=0.389653, y=-0.024874])";"30";"turtlesim2.sim";"1760103491.303880422";"/root/ros2_ws/src/ros_tutorials/turtlesim/src/turtle.cpp:update:260"
"Oh no! I hit the wall! (Clamping from [x=0.389653, y=-0.024874])";"30";"turtlesim3.sim";"1760103491.303068701";"/root/ros2_ws/src/ros_tutorials/turtlesim/src/turtle.cpp:update:260"
"Oh no! I hit the wall! (Clamping from [x=0.389653, y=-0.024874])";"30";"turtlesim1.sim";"1760103491.289844255";"/root/ros2_ws/src/ros_tutorials/turtlesim/src/turtle.cpp:update:260"
"Oh no! I hit the wall! (Clamping from [x=0.409784, y=-0.024874])";"30";"turtlesim2.sim";"1760103491.288385179";"/root/ros2_ws/src/ros_tutorials/turtlesim/src/turtle.cpp:update:260"
"Oh no! I hit the wall! (Clamping from [x=0.409784, y=-0.024874])";"30";"turtlesim3.sim";"1760103491.286702777";"/root/ros2_ws/src/ros_tutorials/turtlesim/src/turtle.cpp:update:260"
"Oh no! I hit the wall! (Clamping from [x=0.409784, y=-0.024874])";"30";"turtlesim1.sim";"1760103491.274830564";"/root/ros2_ws/src/ros_tutorials/turtlesim/src/turtle.cpp:update:260"
"Oh no! I hit the wall! (Clamping from [x=0.429915, y=-0.024874])";"30";"turtlesim2.sim";"1760103491.272180973";"/root/ros2_ws/src/ros_tutorials/turtlesim/src/turtle.cpp:update:260"
"Oh no! I hit the wall! (Clamping from [x=0.429915, y=-0.024874])";"30";"turtlesim3.sim";"1760103491.271500178";"/root/ros2_ws/src/ros_tutorials/turtlesim/src/turtle.cpp:update:260"
"Oh no! I hit the wall! (Clamping from [x=0.429915, y=-0.024874])";"30";"turtlesim1.sim";"1760103491.258141757";"/root/ros2_ws/src/ros_tutorials/turtlesim/src/turtle.cpp:update:260"
"Oh no! I hit the wall! (Clamping from [x=0.450047, y=-0.024874])";"30";"turtlesim2.sim";"1760103491.256681073";"/root/ros2_ws/src/ros_tutorials/turtlesim/src/turtle.cpp:update:260"
"Oh no! I hit the wall! (Clamping from [x=0.450047, y=-0.024874])";"30";"turtlesim3.sim";"1760103491.255515088";"/root/ros2_ws/src/ros_tutorials/turtlesim/src/turtle.cpp:update:260"
"Oh no! I hit the wall! (Clamping from [x=0.450047, y=-0.024874])";"30";"turtlesim1.sim";"1760103491.241202304";"/root/ros2_ws/src/ros_tutorials/turtlesim/src/turtle.cpp:update:260"
"Oh no! I hit the wall! (Clamping from [x=0.470178, y=-0.024874])";"30";"turtlesim2.sim";"1760103491.240555072";"/root/ros2_ws/src/ros_tutorials/turtlesim/src/turtle.cpp:update:260"
"Oh no! I hit the wall! (Clamping from [x=0.470178, y=-0.024874])";"30";"turtlesim3.sim";"1760103491.238844733";"/root/ros2_ws/src/ros_tutorials/turtlesim/src/turtle.cpp:update:260"
"Oh no! I hit the wall! (Clamping from [x=0.470178, y=-0.024874])";"30";"turtlesim1.sim";"1760103491.225708936";"/root/ros2_ws/src/ros_tutorials/turtlesim/src/turtle.cpp:update:260"
"Oh no! I hit the wall! (Clamping from [x=0.490309, y=-0.024874])";"30";"turtlesim2.sim";"1760103491.224231515";"/root/ros2_ws/src/ros_tutorials/turtlesim/src/turtle.cpp:update:260"
"Oh no! I hit the wall! (Clamping from [x=0.490309, y=-0.024874])";"30";"turtlesim3.sim";"1760103491.222526891";"/root/ros2_ws/src/ros_tutorials/turtlesim/src/turtle.cpp:update:260"
"Oh no! I hit the wall! (Clamping from [x=0.510440, y=-0.024874])";"30";"turtlesim3.sim";"1760103491.209495348";"/root/ros2_ws/src/ros_tutorials/turtlesim/src/turtle.cpp:update:260"
"Oh no! I hit the wall! (Clamping from [x=0.490309, y=-0.024874])";"30";"turtlesim1.sim";"1760103491.209443657";"/root/ros2_ws/src/ros_tutorials/turtlesim/src/turtle.cpp:update:260"
"Oh no! I hit the wall! (Clamping from [x=0.510440, y=-0.024874])";"30";"turtlesim2.sim";"1760103491.209165946";"/root/ros2_ws/src/ros_tutorials/turtlesim/src/turtle.cpp:update:260"
"Oh no! I hit the wall! (Clamping from [x=0.510440, y=-0.024874])";"30";"turtlesim1.sim";"1760103491.197997756";"/root/ros2_ws/src/ros_tutorials/turtlesim/src/turtle.cpp:update:260"
"Oh no! I hit the wall! (Clamping from [x=0.530571, y=-0.024874])";"30";"turtlesim3.sim";"1760103491.192303348";"/root/ros2_ws/src/ros_tutorials/turtlesim/src/turtle.cpp:update:260"
"Oh no! I hit the wall! (Clamping from [x=0.530571, y=-0.024874])";"30";"turtlesim2.sim";"1760103491.192513709";"/root/ros2_ws/src/ros_tutorials/turtlesim/src/turtle.cpp:update:260"
"Oh no! I hit the wall! (Clamping from [x=0.530571, y=-0.024874])";"30";"turtlesim1.sim";"1760103491.177909604";"/root/ros2_ws/src/ros_tutorials/turtlesim/src/turtle.cpp:update:260"
"Oh no! I hit the wall! (Clamping from [x=0.550702, y=-0.024874])";"30";"turtlesim2.sim";"1760103491.177033246";"/root/ros2_ws/src/ros_tutorials/turtlesim/src/turtle.cpp:update:260"
"Oh no! I hit the wall! (Clamping from [x=0.550702, y=-0.024874])";"30";"turtlesim3.sim";"1760103491.175248803";"/root/ros2_ws/src/ros_tutorials/turtlesim/src/turtle.cpp:update:260"
"Oh no! I hit the wall! (Clamping from [x=0.550702, y=-0.024874])";"30";"turtlesim1.sim";"1760103491.161981706";"/root/ros2_ws/src/ros_tutorials/turtlesim/src/turtle.cpp:update:260"
"Oh no! I hit the wall! (Clamping from [x=0.570833, y=-0.024874])";"30";"turtlesim2.sim";"1760103491.160855112";"/root/ros2_ws/src/ros_tutorials/turtlesim/src/turtle.cpp:update:260"
"Oh no! I hit the wall! (Clamping from [x=0.570833, y=-0.024874])";"30";"turtlesim3.sim";"1760103491.158632081";"/root/ros2_ws/src/ros_tutorials/turtlesim/src/turtle.cpp:update:260"
"Oh no! I hit the wall! (Clamping from [x=0.590964, y=-0.024874])";"30";"turtlesim2.sim";"1760103491.149917167";"/root/ros2_ws/src/ros_tutorials/turtlesim/src/turtle.cpp:update:260"
"Oh no! I hit the wall! (Clamping from [x=0.570833, y=-0.024874])";"30";"turtlesim1.sim";"1760103491.146648348";"/root/ros2_ws/src/ros_tutorials/turtlesim/src/turtle.cpp:update:260"
"Oh no! I hit the wall! (Clamping from [x=0.590964, y=-0.024874])";"30";"turtlesim3.sim";"1760103491.142541653";"/root/ros2_ws/src/ros_tutorials/turtlesim/src/turtle.cpp:update:260"
"Oh no! I hit the wall! (Clamping from [x=0.611095, y=-0.024874])";"30";"turtlesim2.sim";"1760103491.132807549";"/root/ros2_ws/src/ros_tutorials/turtlesim/src/turtle.cpp:update:260"
"Oh no! I hit the wall! (Clamping from [x=0.590964, y=-0.024874])";"30";"turtlesim1.sim";"1760103491.131905557";"/root/ros2_ws/src/ros_tutorials/turtlesim/src/turtle.cpp:update:260"
"Oh no! I hit the wall! (Clamping from [x=0.611095, y=-0.024874])";"30";"turtlesim3.sim";"1760103491.127244839";"/root/ros2_ws/src/ros_tutorials/turtlesim/src/turtle.cpp:update:260"
"Oh no! I hit the wall! (Clamping from [x=0.611095, y=-0.024874])";"30";"turtlesim1.sim";"1760103491.114162213";"/root/ros2_ws/src/ros_tutorials/turtlesim/src/turtle.cpp:update:260"
"Oh no! I hit the wall! (Clamping from [x=0.631226, y=-0.024874])";"30";"turtlesim2.sim";"1760103491.113208467";"/root/ros2_ws/src/ros_tutorials/turtlesim/src/turtle.cpp:update:260"
"Oh no! I hit the wall! (Clamping from [x=0.631226, y=-0.024874])";"30";"turtlesim3.sim";"1760103491.111687233";"/root/ros2_ws/src/ros_tutorials/turtlesim/src/turtle.cpp:update:260"
"Oh no! I hit the wall! (Clamping from [x=0.631226, y=-0.024874])";"30";"turtlesim1.sim";"1760103491.097233736";"/root/ros2_ws/src/ros_tutorials/turtlesim/src/turtle.cpp:update:260"
"Oh no! I hit the wall! (Clamping from [x=0.651357, y=-0.024874])";"30";"turtlesim2.sim";"1760103491.096894216";"/root/ros2_ws/src/ros_tutorials/turtlesim/src/turtle.cpp:update:260"
"Oh no! I hit the wall! (Clamping from [x=0.651357, y=-0.024874])";"30";"turtlesim3.sim";"1760103491.095531618";"/root/ros2_ws/src/ros_tutorials/turtlesim/src/turtle.cpp:update:260"
"Oh no! I hit the wall! (Clamping from [x=0.651357, y=-0.024874])";"30";"turtlesim1.sim";"1760103491.081713168";"/root/ros2_ws/src/ros_tutorials/turtlesim/src/turtle.cpp:update:260"
"Oh no! I hit the wall! (Clamping from [x=0.671488, y=-0.024874])";"30";"turtlesim2.sim";"1760103491.080384894";"/root/ros2_ws/src/ros_tutorials/turtlesim/src/turtle.cpp:update:260"
"Oh no! I hit the wall! (Clamping from [x=0.671488, y=-0.024874])";"30";"turtlesim3.sim";"1760103491.078719788";"/root/ros2_ws/src/ros_tutorials/turtlesim/src/turtle.cpp:update:260"
"Oh no! I hit the wall! (Clamping from [x=0.691619, y=-0.024874])";"30";"turtlesim2.sim";"1760103491.066425307";"/root/ros2_ws/src/ros_tutorials/turtlesim/src/turtle.cpp:update:260"
"Oh no! I hit the wall! (Clamping from [x=0.671488, y=-0.024874])";"30";"turtlesim1.sim";"1760103491.065865382";"/root/ros2_ws/src/ros_tutorials/turtlesim/src/turtle.cpp:update:260"
"Oh no! I hit the wall! (Clamping from [x=0.691619, y=-0.024874])";"30";"turtlesim3.sim";"1760103491.064712569";"/root/ros2_ws/src/ros_tutorials/turtlesim/src/turtle.cpp:update:260"
"Oh no! I hit the wall! (Clamping from [x=0.691619, y=-0.024874])";"30";"turtlesim1.sim";"1760103491.050263517";"/root/ros2_ws/src/ros_tutorials/turtlesim/src/turtle.cpp:update:260"
"Oh no! I hit the wall! (Clamping from [x=0.711750, y=-0.020447])";"30";"turtlesim2.sim";"1760103491.049027966";"/root/ros2_ws/src/ros_tutorials/turtlesim/src/turtle.cpp:update:260"
"Oh no! I hit the wall! (Clamping from [x=0.711750, y=-0.020447])";"30";"turtlesim3.sim";"1760103491.047076165";"/root/ros2_ws/src/ros_tutorials/turtlesim/src/turtle.cpp:update:260"
"Oh no! I hit the wall! (Clamping from [x=0.711750, y=-0.020447])";"30";"turtlesim1.sim";"1760103491.034281907";"/root/ros2_ws/src/ros_tutorials/turtlesim/src/turtle.cpp:update:260"
